1;abbreviate;10
2;ABC;3
3;abide;5
4;ability;7
5;able;4
6;aboard;6
7;abound;6
8;about;5
9;above;5
10;Abraham;7
11;abruptly;8
12;absence;7
13;absent;6
14;absenteeism;11
15;absolute;8
16;absolutely;10
17;abstract;8
18;abundance;9
19;abundant;8
20;abuse;5
21;accelerate;10
22;accent;6
23;accept;6
24;acceptable;10
25;acceptance;10
26;accepted;8
27;accepting;9
28;access;6
29;accessibility;13
30;accessible;10
31;accessibly;10
32;accessory;9
33;accident;8
34;accidental;10
35;accidentally;12
36;accommodate;11
37;accommodating;13
38;accommodation;13
39;accompany;9
40;accompanying;12
41;accomplish;10
42;accomplished;12
43;accomplishment;14
44;accord;6
45;accordance;10
46;according;9
47;accordingly;11
48;account;7
49;accountable;11
50;accountant;10
51;accounting;10
52;accumulation;12
53;accuracy;8
54;accurate;8
55;accurately;10
56;accused;7
57;accustomed;10
58;achievable;10
59;achieve;7
60;achievement;11
61;acknowledge;11
62;acknowledged;12
63;acme;4
64;acoustics;9
65;acquaint;8
66;acquaintance;12
67;acquire;7
68;acquired;8
69;acquisition;11
70;across;6
71;act;3
72;acting;6
73;action;6
74;activate;8
75;activation;10
76;active;6
77;actively;8
78;activist;8
79;activity;8
80;actor;5
81;actual;6
82;actually;8
83;acute;5
84;acutely;7
85;AD;2
86;adapt;5
87;adaptable;9
88;adaptation;10
89;adapter;7
90;add;3
91;addend;6
92;addition;8
93;additional;10
94;additionally;12
95;additive;8
96;address;7
97;addressing;10
98;adequate;8
99;adequately;10
100;adhere;6
101;adhesive;8
102;adjacent;8
103;adjust;6
104;adjustable;10
105;adjustment;10
106;administration;14
107;administrative;14
108;administrator;13
109;admirable;9
110;admirably;9
111;admiration;10
112;admire;6
113;admission;9
114;admit;5
115;admitted;8
116;adopted;7
117;adoption;8
118;adult;5
119;advance;7
120;advanced;8
121;advancement;11
122;advantage;9
123;advantageous;12
124;adventure;9
125;adversely;9
126;advertise;9
127;advertisement;13
128;advertiser;10
129;advertising;11
130;advice;6
131;advisability;12
132;advisable;9
133;advise;6
134;advised;7
135;advisedly;9
136;advisor;7
137;advisory;8
138;advocate;8
139;aesthetically;13
140;affair;6
141;affect;6
142;affected;8
143;affecting;9
144;affiliated;10
145;affirm;6
146;afford;6
147;affordable;10
148;africa;6
149;after;5
150;afternoon;9
151;afterward;9
152;afterwards;10
153;again;5
154;against;7
155;age;3
156;agency;6
157;agenda;6
158;agent;5
159;aggressive;10
160;aggressively;12
161;ago;3
162;agrafe;6
163;agree;5
164;agreeably;9
165;agreed;6
166;agreement;9
167;agricultural;12
168;ahead;5
169;aid;3
170;aide;4
171;aim;3
172;air;3
173;airfare;7
174;airlift;7
175;airline;7
176;airplane;8
177;airport;7
178;ajar;4
179;alarm;5
180;alarmed;7
181;alarming;8
182;alarmingly;10
183;Albert;6
184;alder;5
185;alert;5
186;alertly;7
187;Alexander;9
188;alga;4
189;Alhambra;8
190;alienate;8
191;align;5
192;alignment;9
193;alike;5
194;Alison;6
195;alive;5
196;all;3
197;allegedly;9
198;Allen;5
199;alleviate;9
200;alliance;8
201;allied;6
202;allocate;8
203;allow;5
204;allowable;9
205;allowably;9
206;allowance;9
207;allowed;7
208;almond;6
209;almost;6
210;alone;5
211;along;5
212;alphabetize;11
213;already;7
214;also;4
215;alter;5
216;alternate;9
217;alternately;11
218;alternative;11
219;alternator;10
220;although;8
221;altogether;10
222;always;6
223;am;2
224;amaze;5
225;amazed;6
226;amazement;9
227;amazing;7
228;amazingly;9
229;ambassador;10
230;ambition;8
231;ambitious;9
232;amenable;8
233;amenity;7
234;America;7
235;American;8
236;amic;4
237;amid;4
238;among;5
239;amount;6
240;Amy;3
241;an;2
242;ana;3
243;analysis;8
244;analyst;7
245;analytical;10
246;analyzability;13
247;analyze;7
248;analyzer;8
249;ancient;7
250;Andalusian;10
251;Andrew;6
252;angel;5
253;Angela;6
254;Angola;6
255;animal;6
256;animated;8
257;animation;9
258;anniversary;11
259;announce;8
260;announcement;12
261;announcer;9
262;annual;6
263;annually;8
264;another;7
265;answer;6
266;answering;9
267;antibiotic;10
268;anticipate;10
269;anticipation;12
270;antique;7
271;anxious;7
272;anxiously;9
273;any;3
274;anymore;7
275;anyone;6
276;anything;8
277;anytime;7
278;anywhere;8
279;apart;5
280;apartment;9
281;apologize;9
282;apology;7
283;apparel;7
284;apparent;8
285;appeal;6
286;appealing;9
287;appear;6
288;appearance;10
289;appearing;9
290;applaud;7
291;appliance;9
292;applicable;10
293;applicant;9
294;application;11
295;applicator;10
296;applied;7
297;apply;5
298;appoint;7
299;appointed;9
300;appointment;11
301;appraisal;9
302;appreciate;10
303;appreciation;12
304;appreciative;12
305;apprehensive;12
306;approach;8
307;appropriate;11
308;appropriately;13
309;appropriation;13
310;approval;8
311;approve;7
312;approved;8
313;approving;9
314;approvingly;11
315;approximate;11
316;approximately;13
317;approximation;13
318;April;5
319;apt;3
320;aptitude;8
321;aqua;4
322;arbitrarily;11
323;arc;3
324;arca;4
325;arcadia;7
326;archaeology;11
327;architect;9
328;architectural;13
329;architecture;12
330;archives;8
331;are;3
332;area;4
333;arena;5
334;argue;5
335;argument;8
336;arise;5
337;arisen;6
338;arose;5
339;around;6
340;arrange;7
341;arrangement;11
342;array;5
343;arrival;7
344;arrive;6
345;arroyo;6
346;art;3
347;artefact;8
348;article;7
349;articulate;10
350;artifact;8
351;artificial;10
352;artist;6
353;artwork;7
354;as;2
355;Asia;4
356;Asian;5
357;aside;5
358;ask;3
359;asker;5
360;asking;6
361;aspect;6
362;aspiration;10
363;aspire;6
364;Assam;5
365;assemblage;10
366;assemble;8
367;assembled;9
368;assembly;8
369;assent;6
370;assert;6
371;assertion;9
372;assertive;9
373;assertively;11
374;assessment;10
375;asset;5
376;assets;6
377;assign;6
378;assignment;10
379;assist;6
380;assistance;10
381;assistant;9
382;associate;9
383;associated;10
384;association;11
385;assorted;8
386;assume;6
387;assuming;8
388;assurance;9
389;assure;6
390;assured;7
391;astoldto;8
392;astonish;8
393;at;2
394;athlete;7
395;athletic;8
396;athletically;12
397;athletics;9
398;atmosphere;10
399;atrabiliar;10
400;attach;6
401;attachable;10
402;attache;7
403;attempt;7
404;attempted;9
405;attend;6
406;attendance;10
407;attendant;9
408;attendee;8
409;attending;9
410;attention;9
411;attentive;9
412;attentively;11
413;attitude;8
414;attorney;8
415;attract;7
416;attraction;10
417;attractive;10
418;attribute;9
419;auction;7
420;audience;8
421;audio;5
422;audiocassette;13
423;audiovisual;11
424;audition;8
425;auditorium;10
426;August;6
427;Australia;9
428;authentic;9
429;authentically;13
430;authenticate;12
431;authenticity;12
432;author;6
433;authoritative;13
434;authority;9
435;authorization;13
436;authorize;9
437;authorized;10
438;auto;4
439;automate;8
440;automatic;9
441;automatically;13
442;automation;10
443;automobile;10
444;automotive;10
445;availability;12
446;available;9
447;availably;9
448;avenue;6
449;average;7
450;aviator;7
451;Avignon;7
452;avoid;5
453;avoidable;9
454;await;5
455;award;5
456;aware;5
457;away;4
458;axis;4
459;baby;4
460;back;4
461;background;10
462;backup;6
463;bad;3
464;badge;5
465;bag;3
466;baggage;7
467;bahadur;7
468;bahrein;7
469;bake;4
470;baker;5
471;bakery;6
472;baking;6
473;Balaam;6
474;balance;7
475;balanced;8
476;ballet;6
477;ballot;6
478;bamboo;6
479;bangkok;7
480;bank;4
481;banking;7
482;bankruptcy;10
483;banquet;7
484;Barabbas;8
485;barely;6
486;bargain;7
487;barn;4
488;barrack;7
489;barrier;7
490;barton;6
491;base;4
492;baseball;8
493;based;5
494;Basic;5
495;basis;5
496;basket;6
497;bason;5
498;basso;5
499;battery;7
500;bay;3
501;bazaar;6
502;be;2
503;beach;5
504;beautiful;9
505;beauty;6
506;became;6
507;because;7
508;beck;4
509;become;6
510;becoming;8
511;Bedford cord;12
512;bedroom;7
513;been;4
514;before;6
515;beforehand;10
516;began;5
517;begin;5
518;beginning;9
519;begun;5
520;behalf;6
521;behave;6
522;behaved;7
523;behavior;8
524;behind;6
525;Beijing;7
526;being;5
527;belated;7
528;Belfast;7
529;belief;6
530;believe;7
531;Bell;4
532;bellman;7
533;belong;6
534;belongings;10
535;below;5
536;belt;4
537;beneath;7
538;beneficial;10
539;beneficially;12
540;benefit;7
541;Berlin;6
542;berretta;8
543;beside;6
544;besides;7
545;best;4
546;Beth;4
547;better;6
548;Betty;5
549;between;7
550;beverage;8
551;bewilder;8
552;bewildering;11
553;bewilderment;12
554;beyond;6
555;bezel;5
556;bicyclist;9
557;bid;3
558;bill;4
559;billed;6
560;billing;7
561;billion;7
562;bin;3
563;bind;4
564;binder;6
565;biochemistry;12
566;biography;9
567;bioscience;10
568;biotechnology;13
569;biweekly;8
570;biz;3
571;blade;5
572;blandly;7
573;blare;5
574;bleach;6
575;blend;5
576;blender;7
577;block;5
578;blue;4
579;blueberry;9
580;blueprint;9
581;bluntly;7
582;board;5
583;boarding;8
584;body;4
585;boiling;7
586;BOK;3
587;bond;4
588;bonus;5
589;book;4
590;bookcase;8
591;bookseller;10
592;bookshop;8
593;bookstore;9
594;booming;7
595;boost;5
596;booth;5
597;boots;5
598;Bordeaux;8
599;border;6
600;born;4
601;borrow;6
602;borrowed;8
603;borrowing;9
604;Boston;6
605;botanical;9
606;both;4
607;bottom;6
608;bought;6
609;bound;5
610;boundary;8
611;bowie;5
612;box;3
613;branch;6
614;brand;5
615;braunite;8
616;breach;6
617;bread;5
618;break;5
619;breakdown;9
620;breakfast;9
621;breaking;8
622;breakthrough;12
623;bren;4
624;brent;5
625;bridge;6
626;brie;4
627;brief;5
628;briefing;8
629;briefly;7
630;bright;6
631;brighten;8
632;brightly;8
633;brightness;10
634;Brighton;8
635;brilliant;9
636;bring;5
637;Britain;7
638;broad;5
639;broadcast;9
640;broadly;7
641;brochure;8
642;broke;5
643;broken;6
644;broker;6
645;brook;5
646;brother;7
647;brought;7
648;Brown;5
649;Bruno;5
650;brussels;8
651;budget;6
652;buffet;6
653;build;5
654;builder;7
655;building;8
656;built;5
657;bulk;4
658;bulky;5
659;bulletin;8
660;bureau;6
661;burier;6
662;burst;5
663;bus;3
664;busily;6
665;business;8
666;businessman;11
667;busy;4
668;but;3
669;butler;6
670;butter;6
671;button;6
672;buy;3
673;buyer;5
674;buzzing;7
675;by;2
676;bypass;6
677;cabinet;7
678;cafe;4
679;cafeteria;9
680;Cairo;5
681;calabash;8
682;calculate;9
683;calculated;10
684;calendar;8
685;California;10
686;call;4
687;calling;7
688;calmly;6
689;came;4
690;camera;6
691;campaign;8
692;camping;7
693;campus;6
694;can;3
695;cancel;6
696;cancellation;12
697;candidate;9
698;cannot;6
699;cans;4
700;cant;4
701;Canterbury;10
702;cap;3
703;capability;10
704;capable;7
705;capacity;8
706;capital;7
707;capture;7
708;car;3
709;carabao;7
710;card;4
711;carder;6
712;cardoon;7
713;care;4
714;career;6
715;careful;7
716;carefully;9
717;carefulness;11
718;careless;8
719;cargo;5
720;Caribbean;9
721;Carl;4
722;carlin(e);9
723;Carol;5
724;carpenter;9
725;carriage;8
726;carried;7
727;carrier;7
728;carry;5
729;carrying;8
730;cartridge;9
731;cascade;7
732;case;4
733;cash;4
734;cashier;7
735;casual;6
736;cat;3
737;catalog;7
738;categorize;10
739;category;8
740;cater;5
741;caterer;7
742;causable;8
743;cause;5
744;caution;7
745;cautious;8
746;cautiously;10
747;ceiling;7
748;celebrate;9
749;celebrated;10
750;celebration;11
751;celebrity;9
752;Celia;5
753;cell;4
754;cement;6
755;center;6
756;central;7
757;centrally;9
758;century;7
759;CEO;3
760;ceremony;8
761;certain;7
762;certainly;9
763;certificate;11
764;certification;13
765;certified;9
766;certify;7
767;Chablis;7
768;chain;5
769;chair;5
770;chairman;8
771;challenge;9
772;challenging;11
773;chamber;7
774;champion;8
775;chance;6
776;Chandler;8
777;change;6
778;channel;7
779;chapter;7
780;character;9
781;characteristic;14
782;characteristically;18
783;characterization;16
784;characterize;12
785;charge;6
786;charged;7
787;charitable;10
788;charitably;10
789;charity;7
790;Charles;7
791;chart;5
792;cheap;5
793;cheapen;7
794;cheaply;7
795;check;5
796;checked;7
797;checker;7
798;checklist;9
799;checkpoint;10
800;checkup;7
801;cheerful;8
802;chef;4
803;chem;4
804;chemical;8
805;chemist;7
806;cher;4
807;Chicago;7
808;chief constable;15
809;childhood;9
810;children;8
811;chin;4
812;China;5
813;Chinese;7
814;chip;4
815;choc;4
816;chocolate;9
817;choice;6
818;choose;6
819;chopping;8
820;choreograph;11
821;chorus;6
822;chose;5
823;chosen;6
824;chow;4
825;Chungking;9
826;cigala;6
827;Cincinnati;10
828;cinema;6
829;circle;6
830;circuit;7
831;circulation;11
832;circum;6
833;circumstance;12
834;cit;3
835;city;4
836;claim;5
837;clarify;7
838;clarinet;8
839;clarity;7
840;clash;5
841;class;5
842;classic;7
843;classical;9
844;classified;10
845;classify;8
846;classroom;9
847;clean;5
848;cleaner;7
849;cleaning;8
850;cleanliness;11
851;cleanly;7
852;clear;5
853;clearing;8
854;clearly;7
855;clearness;9
856;clerical;8
857;clerk;5
858;client;6
859;climate;7
860;clinic;6
861;clip;4
862;clock;5
863;close;5
864;closed;6
865;closely;7
866;closeness;9
867;closer;6
868;closestool;10
869;closet;6
870;closing;7
871;closure;7
872;clothes;7
873;clothing;8
874;cloud;5
875;club;4
876;Co;2
877;coach;5
878;coalition;9
879;coast;5
880;coat;4
881;code;4
882;coffee;6
883;coherent;8
884;coincide;8
885;cola;4
886;cold;4
887;collaborate;11
888;collaboration;13
889;collaborative;13
890;collaborator;12
891;collapse;8
892;colleague;9
893;collect;7
894;collected;9
895;collection;10
896;collector;9
897;college;7
898;color;5
899;colorful;8
900;Columbia;8
901;column;6
902;com;3
903;combination;11
904;combine;7
905;combined;8
906;combing;7
907;come;4
908;comer;5
909;comfort;7
910;comfortable;11
911;comfortably;11
912;comic;5
913;coming;6
914;commemorate;11
915;commence;8
916;commend;7
917;comment;7
918;commerce;8
919;commercial;10
920;commercialization;17
921;commercially;12
922;commission;10
923;commissioned;12
924;commissioner;12
925;commit;6
926;commitment;10
927;committed;9
928;committee;9
929;commodity;9
930;common;6
931;commonly;8
932;communicate;11
933;communication;13
934;community;9
935;commute;7
936;commuter;8
937;compact;7
938;compactly;9
939;company;7
940;comparable;10
941;comparably;10
942;comparative;11
943;comparatively;13
944;compare;7
945;comparison;10
946;compassion;10
947;compassionate;13
948;compatible;10
949;compel;6
950;compensate;10
951;compensation;12
952;compete;7
953;competence;10
954;competent;9
955;competition;11
956;competitive;11
957;competitor;10
958;compilation;11
959;compile;7
960;complain;8
961;complaint;9
962;complete;8
963;completely;10
964;completeness;12
965;completion;10
966;complex;7
967;compliance;10
968;complicate;10
969;complicated;11
970;complication;12
971;compliment;10
972;complimentary;13
973;comply;6
974;component;9
975;compose;7
976;composed;8
977;composer;8
978;composing;9
979;composition;11
980;comprehensive;13
981;comprisal;9
982;compromise;10
983;Comptometer;11
984;compulsory;10
985;computable;10
986;computer;8
987;computerization;15
988;computerize;11
989;conceal;7
990;concede;7
991;concentrate;11
992;concentrated;12
993;concentration;13
994;concept;7
995;concern;7
996;concerned;9
997;concerning;10
998;concert;7
999;concession;10
1000;concise;7
1001;concisely;9
1002;conclude;8
1003;conclusion;10
1004;conclusive;10
1005;concrete;8
1006;condemn;7
1007;condign;7
1008;condition;9
1009;conditional;11
1010;conditionally;13
1011;conditioned;11
1012;conditioner;11
1013;conditioning;12
1014;condottiere;11
1015;conducive;9
1016;conduct;7
1017;conductor;9
1018;confer;6
1019;conference;10
1020;confide;7
1021;confidence;10
1022;confident;9
1023;confidential;12
1024;confidentiality;15
1025;confirm;7
1026;confirmation;12
1027;confirmed;9
1028;confiscate;10
1029;conflict;8
1030;confuse;7
1031;confused;8
1032;confusing;9
1033;confusingly;11
1034;confusion;9
1035;congest;7
1036;congested;9
1037;congestion;10
1038;congestive;10
1039;congratulate;12
1040;conjunction;11
1041;connect;7
1042;connection;10
1043;conscience;10
1044;conscientious;13
1045;conscientiously;15
1046;conscientiousness;17
1047;conscious;9
1048;consciously;11
1049;consecutive;11
1050;consensus;9
1051;consent;7
1052;consequence;11
1053;consequential;13
1054;consequently;12
1055;conservation;12
1056;conserve;8
1057;consider;8
1058;considerable;12
1059;considerably;12
1060;considerate;11
1061;considerately;13
1062;consideration;13
1063;considered;10
1064;considering;11
1065;consist;7
1066;consistent;10
1067;constant;8
1068;constantly;10
1069;constitute;10
1070;constitution;12
1071;constraint;10
1072;construct;9
1073;constructed;11
1074;construction;12
1075;constructive;12
1076;constructor;11
1077;consult;7
1078;consultant;10
1079;consultation;12
1080;consulting;10
1081;consumable;10
1082;consume;7
1083;consumer;8
1084;consuming;9
1085;consumption;11
1086;contact;7
1087;contain;7
1088;contained;9
1089;container;9
1090;contamination;13
1091;contemporary;12
1092;contend;7
1093;content;7
1094;contented;9
1095;contest;7
1096;contestant;10
1097;contingency;11
1098;contingent;10
1099;continual;9
1100;continually;11
1101;continuation;12
1102;continue;8
1103;continued;9
1104;continuing;10
1105;continuity;10
1106;continuous;10
1107;continuously;12
1108;contract;8
1109;contracted;10
1110;contracting;11
1111;contractor;10
1112;contrary;8
1113;contrast;8
1114;contribute;10
1115;contribution;12
1116;contributor;11
1117;control;7
1118;controlled;10
1119;controller;10
1120;controversy;11
1121;convenable;10
1122;convene;7
1123;convenience;11
1124;convenient;10
1125;conveniently;12
1126;convention;10
1127;conversation;12
1128;converse;8
1129;conversion;10
1130;convince;8
1131;convinced;9
1132;cooking;7
1133;cool;4
1134;cooler;6
1135;Cooper;6
1136;cooperate;9
1137;cooperation;11
1138;cooperative;11
1139;coordinate;10
1140;coordinator;11
1141;cope;4
1142;Copenhagen;10
1143;copier;6
1144;copy;4
1145;copyright;9
1146;cor;3
1147;corbie;6
1148;cordial;7
1149;cordially;9
1150;cordless;8
1151;core;4
1152;Cornwall;8
1153;corporate;9
1154;corporation;11
1155;correct;7
1156;correction;10
1157;corrective;10
1158;correctly;9
1159;correctness;11
1160;correspond;10
1161;correspondence;14
1162;corridor;8
1163;corroborate;11
1164;Cortes;6
1165;cosmetic;8
1166;cosmo;5
1167;cosmopolitan;12
1168;cost;4
1169;costly;6
1170;could;5
1171;council;7
1172;counsel;7
1173;count;5
1174;country;7
1175;county;6
1176;coupon;6
1177;courier;7
1178;course;6
1179;courteous;9
1180;courteously;11
1181;courtesy;8
1182;cover;5
1183;coverage;8
1184;covered;7
1185;coworker;8
1186;crack;5
1187;craft;5
1188;craftsmanship;13
1189;crane;5
1190;crave;5
1191;cream;5
1192;create;6
1193;creation;8
1194;creative;8
1195;creatively;10
1196;credit;6
1197;Creek;5
1198;crew;4
1199;crise de nerfs;14
1200;crisis;6
1201;crisp;5
1202;critic;6
1203;critical;8
1204;critically;10
1205;criticism;9
1206;criticizable;12
1207;criticize;9
1208;Cromwell;8
1209;crop;4
1210;crossing;8
1211;crowd;5
1212;crowded;7
1213;cru;3
1214;cruise;6
1215;cuisine;7
1216;culinary;8
1217;culminate;9
1218;culminating;11
1219;culmination;11
1220;cultivated;10
1221;cultivation;11
1222;cultural;8
1223;culturally;10
1224;culture;7
1225;cumberland;10
1226;cupboard;8
1227;curable;7
1228;curator;7
1229;curb;4
1230;curiosity;9
1231;currency;8
1232;current;7
1233;currently;9
1234;curriculum;10
1235;curtain;7
1236;custom;6
1237;customarily;11
1238;customary;9
1239;customer;8
1240;customize;9
1241;cut;3
1242;cutting;7
1243;dabble;6
1244;daily;5
1245;dairy;5
1246;Dalton;6
1247;dam;3
1248;damage;6
1249;damaging;8
1250;Dan;3
1251;Daniel;6
1252;data;4
1253;date;4
1254;dated;5
1255;david;5
1256;day;3
1257;days;4
1258;daytime;7
1259;deadline;8
1260;deal;4
1261;dealer;6
1262;dealing;7
1263;debate;6
1264;debit;5
1265;Deborah;7
1266;decade;6
1267;December;8
1268;decide;6
1269;decided;7
1270;decidedly;9
1271;deciding;8
1272;decision;8
1273;decisive;8
1274;declarable;10
1275;declared;8
1276;decline;7
1277;declining;9
1278;decorate;8
1279;decorative;10
1280;decorator;9
1281;decrease;8
1282;decreasing;10
1283;dedicate;8
1284;dedicated;9
1285;dedication;10
1286;dedicative;10
1287;deduce;6
1288;deduction;9
1289;deem;4
1290;deeply;6
1291;defeat;6
1292;defect;6
1293;defective;9
1294;defectively;11
1295;deficit;7
1296;define;6
1297;definite;8
1298;definitely;10
1299;definitive;10
1300;degree;6
1301;delaine;7
1302;delay;5
1303;delayed;7
1304;delegate;8
1305;delegation;10
1306;delete;6
1307;deletion;8
1308;Delhi;5
1309;deliberate;10
1310;deliberately;12
1311;delicate;8
1312;delicious;9
1313;delight;7
1314;delighted;9
1315;deliver;7
1316;deliverance;11
1317;delivered;9
1318;deliverer;9
1319;delivery;8
1320;dell;4
1321;delta;5
1322;deltoid;7
1323;deluxe;6
1324;demand;6
1325;demanding;9
1326;demographic;11
1327;demonstrate;11
1328;demonstration;13
1329;den;3
1330;denial;6
1331;Denmark;7
1332;densely;7
1333;dental;6
1334;depart;6
1335;department;10
1336;departmental;12
1337;departure;9
1338;depend;6
1339;dependability;13
1340;dependable;10
1341;dependence;10
1342;dependent;9
1343;deposit;7
1344;deprive;7
1345;deputy;6
1346;desalinate;10
1347;descended;9
1348;describe;8
1349;description;11
1350;design;6
1351;designate;9
1352;designation;11
1353;designed;8
1354;designer;8
1355;designing;9
1356;desirability;12
1357;desirable;9
1358;desirably;9
1359;desire;6
1360;desk;4
1361;desorb;6
1362;despite;7
1363;dessert;7
1364;destabilize;11
1365;destination;11
1366;detail;6
1367;detailed;8
1368;detain;6
1369;detect;6
1370;detection;9
1371;detective;9
1372;detergent;9
1373;deteriorate;11
1374;deterioration;13
1375;determinable;12
1376;determination;13
1377;determine;9
1378;determined;10
1379;detour;6
1380;deva;4
1381;develop;7
1382;developed;9
1383;developer;9
1384;developing;10
1385;development;11
1386;device;6
1387;devote;6
1388;devoted;7
1389;dew;3
1390;dia;3
1391;diagnose;8
1392;dialing;7
1393;diamond;7
1394;Dian;4
1395;Diana;5
1396;dictionary;10
1397;did;3
1398;diesel;6
1399;differ;6
1400;difference;10
1401;different;9
1402;difficult;9
1403;difficulty;10
1404;digit;5
1405;digital;7
1406;dignified;9
1407;dignify;7
1408;dignity;7
1409;diligence;9
1410;diligently;10
1411;dimension;9
1412;dine;4
1413;diner;5
1414;dining;6
1415;dinner;6
1416;diploma;7
1417;direct;6
1418;directed;8
1419;direction;9
1420;directly;8
1421;director;8
1422;directory;9
1423;dirt;4
1424;disability;10
1425;disagree;8
1426;disagreement;12
1427;disallow;8
1428;disappear;9
1429;disappoint;10
1430;disappointed;12
1431;disappointing;13
1432;disappointment;14
1433;disapprove;10
1434;disband;7
1435;discard;7
1436;disclose;8
1437;disconnect;10
1438;discontinuance;14
1439;discontinue;11
1440;discount;8
1441;discounter;10
1442;discourage;10
1443;discouraged;11
1444;discouragement;14
1445;discover;8
1446;discus;6
1447;discuss;7
1448;discussion;10
1449;disengage;9
1450;disengaged;10
1451;dish;4
1452;disinterested;13
1453;dislocate;9
1454;dismount;8
1455;disorient;9
1456;dispersed;9
1457;displace;8
1458;display;7
1459;displayed;9
1460;dispose;7
1461;dispute;7
1462;disruption;10
1463;dissatisfied;12
1464;dissolve;8
1465;distance;8
1466;distant;7
1467;distantly;9
1468;distinct;8
1469;distinction;11
1470;distinguish;11
1471;distinguishable;15
1472;distinguished;13
1473;distract;8
1474;distracted;10
1475;distraction;11
1476;distribute;10
1477;distributed;11
1478;distributing;12
1479;distribution;12
1480;distributor;11
1481;district;8
1482;disturb;7
1483;diverse;7
1484;diversely;9
1485;diverseness;11
1486;diversified;11
1487;diversify;9
1488;diversity;9
1489;divide;6
1490;divided;7
1491;dividend;8
1492;division;8
1493;DNB;3
1494;do;2
1495;dock;4
1496;doctor;6
1497;document;8
1498;documentation;13
1499;does;4
1500;dog;3
1501;doing;5
1502;dollar;6
1503;domestic;8
1504;domestically;12
1505;dominant;8
1506;dominie;7
1507;donate;6
1508;donation;8
1509;done;4
1510;dong;4
1511;donor;5
1512;door;4
1513;dotted;6
1514;double;6
1515;doubly;6
1516;doubt;5
1517;doubtful;8
1518;doubtfully;10
1519;down;4
1520;downstairs;10
1521;downtown;8
1522;downturn;8
1523;Draco;5
1524;draft;5
1525;dramatic;8
1526;dramatically;12
1527;dramatist;9
1528;dramatize;9
1529;drastic;7
1530;draw;4
1531;drawing;7
1532;dream;5
1533;Dresden;7
1534;dress;5
1535;dressed;7
1536;drill;5
1537;drink;5
1538;drinking;8
1539;drip;4
1540;drive;5
1541;driver;6
1542;driving;7
1543;drop;4
1544;drought;7
1545;drug;4
1546;dry;3
1547;Dubai;5
1548;dublin;6
1549;due;3
1550;duplicate;9
1551;duplication;11
1552;duplicator;10
1553;durable;7
1554;durance;7
1555;duration;8
1556;Durham;6
1557;during;6
1558;dust;4
1559;duty;4
1560;each;4
1561;eager;5
1562;eagerly;7
1563;early;5
1564;earn;4
1565;earnest;7
1566;earnings;8
1567;ease;4
1568;easily;6
1569;easiness;8
1570;east;4
1571;eastern;7
1572;easy;4
1573;eat;3
1574;eating;6
1575;Eaton agent;11
1576;economic;8
1577;economical;10
1578;economically;12
1579;economics;9
1580;economist;9
1581;economize;9
1582;economy;7
1583;edge;4
1584;Edinburgh;9
1585;edit;4
1586;Edith;5
1587;edition;7
1588;editor;6
1589;editorial;9
1590;education;9
1591;educational;11
1592;Edward;6
1593;effect;6
1594;effective;9
1595;effectively;11
1596;effectiveness;13
1597;efficiency;10
1598;efficient;9
1599;efficiently;11
1600;effort;6
1601;egad;4
1602;Egyptian;8
1603;eight;5
1604;eikon;5
1605;either;6
1606;elaborate;9
1607;elapse;6
1608;elderly;7
1609;elect;5
1610;election;8
1611;Electra;7
1612;electric;8
1613;electrical;10
1614;electricity;11
1615;electronic;10
1616;electronics;11
1617;elegance;8
1618;elegant;7
1619;elegantly;9
1620;element;7
1621;elevated;8
1622;elevation;9
1623;elevator;8
1624;eleven;6
1625;eligibility;11
1626;eligible;8
1627;eliminate;9
1628;elimination;11
1629;Elizabeth;9
1630;eloquently;10
1631;else;4
1632;elsewhere;9
1633;elusive;7
1634;elusively;9
1635;embrace;7
1636;emcee;5
1637;emerge;6
1638;emergency;9
1639;Emerson;7
1640;emit;4
1641;emphasis;8
1642;emphasize;9
1643;emphatic;8
1644;emphatically;12
1645;employ;6
1646;employed;8
1647;employee;8
1648;employer;8
1649;employment;10
1650;empower;7
1651;enable;6
1652;enabling;8
1653;enactment;9
1654;enclose;7
1655;enclosure;9
1656;encounter;9
1657;encourage;9
1658;encouragement;13
1659;encouraging;11
1660;encyclopedia;12
1661;end;3
1662;endear;6
1663;endeavor;8
1664;endo;4
1665;endorse;7
1666;endorsement;11
1667;endure;6
1668;enduring;8
1669;energetic;9
1670;energize;8
1671;energy;6
1672;enforced;8
1673;enforcement;11
1674;engage;6
1675;engaged;7
1676;engagement;10
1677;engaging;8
1678;engine;6
1679;engineer;8
1680;engineering;11
1681;enhance;7
1682;enhancement;11
1683;enjoy;5
1684;enlarge;7
1685;enlargement;11
1686;enlist;6
1687;enormous;8
1688;enormously;10
1689;enough;6
1690;enrol;5
1691;enroll;6
1692;enrollment;10
1693;ensure;6
1694;entail;6
1695;enter;5
1696;enterprise;10
1697;entertaining;12
1698;entertainment;13
1699;enthuse;7
1700;enthusiasm;10
1701;enthusiast;10
1702;enthusiastic;12
1703;enthusiastically;16
1704;entire;6
1705;entirely;8
1706;entitle;7
1707;entrance;8
1708;entrepreneur;12
1709;entrust;7
1710;entry;5
1711;envelop;7
1712;envelope;8
1713;enviable;8
1714;envious;7
1715;environment;11
1716;environmental;13
1717;environmentalist;16
1718;equal;5
1719;equality;8
1720;equally;7
1721;equip;5
1722;equipment;9
1723;equivalence;11
1724;equivalent;10
1725;erect;5
1726;error;5
1727;escalator;9
1728;escaped;7
1729;escort;6
1730;especially;10
1731;espresso;8
1732;essay;5
1733;essential;9
1734;essentially;11
1735;establish;9
1736;established;11
1737;establishment;13
1738;estate;6
1739;estimate;8
1740;estimated;9
1741;ethic;5
1742;ethics;6
1743;ethnic;6
1744;etiquette;9
1745;Euro;4
1746;europe;6
1747;european;8
1748;eurosat;7
1749;evaluate;8
1750;evaluation;10
1751;evanesce;8
1752;even;4
1753;evening;7
1754;evenings;8
1755;evenly;6
1756;evenness;8
1757;evens;5
1758;event;5
1759;eventual;8
1760;eventually;10
1761;ever;4
1762;every;5
1763;everyone;8
1764;everywhere;10
1765;evidence;8
1766;evident;7
1767;evidential;10
1768;evidently;9
1769;exact;5
1770;exacting;8
1771;exactly;7
1772;exaggerated;11
1773;exaggeration;12
1774;examination;11
1775;examine;7
1776;example;7
1777;excavate;8
1778;excavation;10
1779;exceed;6
1780;exceedingly;11
1781;excel;5
1782;excellence;10
1783;excellent;9
1784;except;6
1785;excepted;8
1786;exception;9
1787;exceptional;11
1788;exceptionally;13
1789;excess;6
1790;excessive;9
1791;excessively;11
1792;exchange;8
1793;excite;6
1794;excited;7
1795;excitement;10
1796;exciting;8
1797;exclaim;7
1798;exclude;7
1799;excluding;9
1800;exclusion;9
1801;exclusionary rule;17
1802;exclusive;9
1803;exclusively;11
1804;excursion;9
1805;excuse;6
1806;execute;7
1807;execution;9
1808;executive;9
1809;exemplary;9
1810;exempt;6
1811;exercisable;11
1812;exercise;8
1813;exerciser;9
1814;exhaust;7
1815;exhaustion;10
1816;exhibit;7
1817;exhibition;10
1818;exhibitor;9
1819;exist;5
1820;existent;8
1821;existing;8
1822;exit;4
1823;expand;6
1824;expanded;8
1825;expansion;9
1826;expansive;9
1827;expect;6
1828;expectant;9
1829;expectantly;11
1830;expectation;11
1831;expend;6
1832;expenditure;11
1833;expense;7
1834;expensive;9
1835;experience;10
1836;experienced;11
1837;experiment;10
1838;experimental;12
1839;experimentally;14
1840;expert;6
1841;expertise;9
1842;expiration;10
1843;expire;6
1844;explain;7
1845;explanation;11
1846;explicit;8
1847;exploration;11
1848;exploratory;11
1849;explore;7
1850;expo;4
1851;export;6
1852;exporter;8
1853;exposed;7
1854;exposure;8
1855;expresident;11
1856;express;7
1857;expression;10
1858;expressive;10
1859;expressively;12
1860;expressly;9
1861;expressway;10
1862;exquisite;9
1863;extemporal;10
1864;extend;6
1865;extended;8
1866;extension;9
1867;extensive;9
1868;extensively;11
1869;extent;6
1870;exterior;8
1871;externally;10
1872;extinct;7
1873;extinguisher;12
1874;extra;5
1875;extract;7
1876;extractable;11
1877;extraordinary;13
1878;extreme;7
1879;extremely;9
1880;extremity;9
1881;eye;3
1882;eyewear;7
1883;fabric;6
1884;face;4
1885;faced;5
1886;facility;8
1887;facing;6
1888;fact;4
1889;factor;6
1890;factory;7
1891;factual;7
1892;faculty;7
1893;fail;4
1894;failed;6
1895;failing;7
1896;failure;7
1897;faintly;7
1898;fair;4
1899;fairly;6
1900;fairway;7
1901;faithful;8
1902;falcate;7
1903;Falernian;9
1904;fall;4
1905;fallen;6
1906;falling;7
1907;familiar;8
1908;familiarity;11
1909;familiarize;11
1910;familiarly;10
1911;family;6
1912;famous;6
1913;fan;3
1914;far;3
1915;fare;4
1916;farm;4
1917;farmer;6
1918;farming;7
1919;farther;7
1920;fascinate;9
1921;fascinating;11
1922;fashion;7
1923;fast;4
1924;fasten;6
1925;fat;3
1926;fateful;7
1927;faucet;6
1928;fault;5
1929;faulty;6
1930;favor;5
1931;favorable;9
1932;favorably;9
1933;favorite;8
1934;fax;3
1935;feature;7
1936;featured;8
1937;February;8
1938;fed;3
1939;fee;3
1940;feedback;8
1941;feel;4
1942;feet;4
1943;feign;5
1944;fell;4
1945;felt;4
1946;feracious;9
1947;ferry;5
1948;festival;8
1949;few;3
1950;fewer;5
1951;field;5
1952;fierce;6
1953;fifteen;7
1954;fifteenth;9
1955;fifth;5
1956;fifty;5
1957;figure;6
1958;file;4
1959;filing;6
1960;fill;4
1961;fille;5
1962;film;4
1963;filter;6
1964;final;5
1965;finalist;8
1966;finality;8
1967;finalize;8
1968;finally;7
1969;finance;7
1970;financial;9
1971;financially;11
1972;find;4
1973;finding;7
1974;fine;4
1975;finely;6
1976;fineness;8
1977;fines;5
1978;finish;6
1979;finished;8
1980;finishing;9
1981;finnan haddie;13
1982;fire;4
1983;fireside;8
1984;fireworks;9
1985;firm;4
1986;firmly;6
1987;firmness;8
1988;first;5
1989;fiscal;6
1990;fish;4
1991;fisherman;9
1992;fitness;7
1993;five;4
1994;fixed;5
1995;fixture;7
1996;flash;5
1997;flashlight;10
1998;flat;4
1999;flavor;6
2000;flavoring;9
2001;flaw;4
2002;flawless;8
2003;fleet;5
2004;Fletcherism;11
2005;flexibility;11
2006;flexible;8
2007;flight;6
2008;floor;5
2009;Flora;5
2010;floral;6
2011;flour;5
2012;flourishing;11
2013;flow;4
2014;flower;6
2015;flu;3
2016;fluctuation;11
2017;fluently;8
2018;fly;3
2019;flying;6
2020;focus;5
2021;folder;6
2022;follow;6
2023;following;9
2024;food;4
2025;football;8
2026;footbridge;10
2027;footnote;8
2028;footrace;8
2029;for;3
2030;force;5
2031;forced;6
2032;forceful;8
2033;forecast;8
2034;forecaster;10
2035;foreign;7
2036;foresee;7
2037;foreseeable;11
2038;forest;6
2039;forever;7
2040;forgotten;9
2041;forlorn;7
2042;form;4
2043;formal;6
2044;formality;9
2045;formalize;9
2046;formally;8
2047;format;6
2048;formed;6
2049;former;6
2050;formerly;8
2051;formula;7
2052;forsythia;9
2053;fortified wine;14
2054;fortunate;9
2055;fortunately;11
2056;fortune;7
2057;forum;5
2058;forward;7
2059;found;5
2060;foundation;10
2061;founded;7
2062;founder;7
2063;four;4
2064;fourteen;8
2065;fourth;6
2066;fox;3
2067;fragile;7
2068;framed;6
2069;France;6
2070;Frances;7
2071;franchise;9
2072;Franciscan;10
2073;Franco;6
2074;Frank;5
2075;Franklin;8
2076;fraud;5
2077;Fred;4
2078;free;4
2079;freely;6
2080;freight;7
2081;French;6
2082;frequency;9
2083;frequent;8
2084;frequently;10
2085;fresh;5
2086;freshly;7
2087;Friday;6
2088;Fridays;7
2089;friend;6
2090;friendly;8
2091;friendship;10
2092;fringe;6
2093;Frisbee;7
2094;from;4
2095;front;5
2096;frontier;8
2097;Frost;5
2098;fruit;5
2099;frustrate;9
2100;frustrated;10
2101;frustration;11
2102;fry;3
2103;fuel;4
2104;fulfil;6
2105;fulfill;7
2106;fulfillment;11
2107;full;4
2108;fully;5
2109;fun;3
2110;function;8
2111;functional;10
2112;fund;4
2113;furious;7
2114;furnishings;11
2115;furniture;9
2116;further;7
2117;furthermore;11
2118;future;6
2119;Gaborone;8
2120;gain;4
2121;gala;4
2122;gallery;7
2123;Gallo;5
2124;galvani;7
2125;game;4
2126;gar;3
2127;garage;6
2128;garden;6
2129;gardening;9
2130;garment;7
2131;gas;3
2132;gate;4
2133;gather;6
2134;gave;4
2135;gear;4
2136;gem;3
2137;gemstone;8
2138;gender;6
2139;general;7
2140;generalization;14
2141;generalize;10
2142;generally;9
2143;generate;8
2144;generation;10
2145;generator;9
2146;generosity;10
2147;generously;10
2148;gentleman;9
2149;genuine;7
2150;Geoffrey;8
2151;Gerald;6
2152;German;6
2153;gest;4
2154;get;3
2155;gift;4
2156;Giles;5
2157;give;4
2158;given;5
2159;glad;4
2160;gladly;6
2161;glance;6
2162;Glasgow;7
2163;glass;5
2164;glassware;9
2165;glen;4
2166;global;6
2167;glory;5
2168;glove;5
2169;glover;6
2170;go;2
2171;goal;4
2172;goer;4
2173;goes;4
2174;goggle;6
2175;going;5
2176;gold;4
2177;golf;4
2178;gomer;5
2179;good;4
2180;goods;5
2181;goodwife;8
2182;got;3
2183;gourmet;7
2184;governing;9
2185;government;10
2186;governmental;12
2187;Gr;2
2188;graceful;8
2189;gracefully;10
2190;grade;5
2191;gradual;7
2192;gradually;9
2193;graduate;8
2194;Graf;4
2195;grain;5
2196;grand;5
2197;grandfather;11
2198;grandiflora;11
2199;granger;7
2200;granite;7
2201;grant;5
2202;graph;5
2203;graphic;7
2204;graphics;8
2205;grateful;8
2206;gratefully;10
2207;GRE;3
2208;great;5
2209;Greater;7
2210;greatest common divisor(divisor);32
2211;greatly;7
2212;greatness;9
2213;green;5
2214;Greene;6
2215;greenfield;10
2216;Greenland;9
2217;greenstone;10
2218;greet;5
2219;greeting;8
2220;Gretchen;8
2221;grew;4
2222;grey;4
2223;grill;5
2224;ground;6
2225;groundbreaking;14
2226;group;5
2227;grow;4
2228;grower;6
2229;growing;7
2230;grown;5
2231;growth;6
2232;guarantee;9
2233;guard;5
2234;guarded;7
2235;Guelph;6
2236;guess;5
2237;guest;5
2238;guidable;8
2239;guidance;8
2240;guide;5
2241;guidebook;9
2242;guided;6
2243;guideline;9
2244;gusty;5
2245;habit;5
2246;habitation;10
2247;habitual;8
2248;habitually;10
2249;had;3
2250;hah;3
2251;hair;4
2252;half;4
2253;hall;4
2254;hallmark;8
2255;hallway;7
2256;halve;5
2257;Hamilton;8
2258;hammersmith;11
2259;Hammond organ;13
2260;Han;3
2261;hand;4
2262;handbook;8
2263;handheld;8
2264;handle;6
2265;handled;7
2266;handling;8
2267;handy;5
2268;hang;4
2269;hanging;7
2270;Hanoi;5
2271;Hans;4
2272;happen;6
2273;happening;9
2274;happily;7
2275;happiness;9
2276;happy;5
2277;harbor;6
2278;hard;4
2279;hardearned;10
2280;harden;6
2281;hardly;6
2282;hardship;8
2283;hardworking;11
2284;harlot;6
2285;harm;4
2286;harmful;7
2287;harmlessly;10
2288;harmonious;10
2289;harvest;7
2290;has;3
2291;Hashimoto's disease;19
2292;hastily;7
2293;hat;3
2294;hatch;5
2295;hatter;6
2296;have;4
2297;having;6
2298;Hawaii;6
2299;hazard;6
2300;hazardous;9
2301;he;2
2302;head;4
2303;headgear;8
2304;headquarters;12
2305;headset;7
2306;health;6
2307;healthy;7
2308;hearing;7
2309;heart;5
2310;heat;4
2311;heating;7
2312;heavily;7
2313;heaviness;9
2314;heavy;5
2315;Hebe;4
2316;hectare;7
2317;held;4
2318;helmet;6
2319;help;4
2320;helpful;7
2321;helping;7
2322;Henry;5
2323;her;3
2324;herald;6
2325;here;4
2326;hero;4
2327;hers;4
2328;herself;7
2329;hesitancy;9
2330;hesitant;8
2331;hesitantly;10
2332;hesitate;8
2333;hesitation;10
2334;hidden;6
2335;high;4
2336;higher;6
2337;highest;7
2338;highlight;9
2339;highly;6
2340;highness;8
2341;highway;7
2342;hiker;5
2343;hiking;6
2344;hill;4
2345;him;3
2346;himself;7
2347;hire;4
2348;hired;5
2349;hires;5
2350;hiring;6
2351;his;3
2352;historian;9
2353;historic;8
2354;historical;10
2355;history;7
2356;hit;3
2357;hobby;5
2358;hobbyist;8
2359;hold;4
2360;holding;7
2361;holiday;7
2362;Holland;7
2363;holy;4
2364;home;4
2365;homemade;8
2366;honest;6
2367;honesty;7
2368;hong;4
2369;honor;5
2370;honored;7
2371;hop;3
2372;hope;4
2373;hopeful;7
2374;hopefully;9
2375;horizon;7
2376;horse;5
2377;horseback;9
2378;hortation;9
2379;hospital;8
2380;hospitality;11
2381;host;4
2382;hot;3
2383;hotel;5
2384;hour;4
2385;hourly;6
2386;house;5
2387;household;9
2388;housing;7
2389;how;3
2390;however;7
2391;Hua Kuofeng;11
2392;Hubert;6
2393;Hudson;6
2394;huge;4
2395;hugely;6
2396;Hugh;4
2397;Hughes;6
2398;human;5
2399;hundred;7
2400;Hungarian;9
2401;hurry;5
2402;husband;7
2403;Hwang Hai;9
2404;hybrid;6
2405;Hyde;4
2406;hydrogen;8
2407;ian;3
2408;ice;3
2409;ID;2
2410;idea;4
2411;ideal;5
2412;idealism;8
2413;idealist;8
2414;idealistic;10
2415;idealistically;14
2416;ideality;8
2417;idealize;8
2418;ideally;7
2419;identifiable;12
2420;identification;14
2421;identifier;10
2422;identify;8
2423;identity;8
2424;idle;4
2425;if;2
2426;ignore;6
2427;ill;3
2428;illegal;7
2429;illegible;9
2430;illness;7
2431;illustrate;10
2432;illustration;12
2433;image;5
2434;imitate;7
2435;imitation;9
2436;immediate;9
2437;immediately;11
2438;immensely;9
2439;immigration;11
2440;immovable;9
2441;impact;6
2442;impacted;8
2443;impart;6
2444;impartial;9
2445;impartiality;12
2446;impartially;11
2447;impatient;9
2448;impede;6
2449;impending;9
2450;impenetrable;12
2451;imperative;10
2452;imperial;8
2453;implement;9
2454;implementation;14
2455;implication;11
2456;imply;5
2457;impolite;8
2458;import;6
2459;importance;10
2460;important;9
2461;importantly;11
2462;importer;8
2463;impose;6
2464;impossibility;13
2465;impossible;10
2466;impossibleness;14
2467;impossibly;10
2468;impresa;7
2469;impress;7
2470;impressed;9
2471;impression;10
2472;impressive;10
2473;impressively;12
2474;impressiveness;14
2475;improper;8
2476;improperly;10
2477;improvability;13
2478;improve;7
2479;improvement;11
2480;impulsive;9
2481;impulsively;11
2482;in;2
2483;inaccuracy;10
2484;inaccurate;10
2485;inadmissible;12
2486;inadvertently;13
2487;inappropriate;13
2488;inaudible;9
2489;incapable;9
2490;incentive;9
2491;inception;9
2492;incident;8
2493;incidental;10
2494;incidentally;12
2495;inclement;9
2496;include;7
2497;including;9
2498;inclusion;9
2499;inclusive;9
2500;income;6
2501;incoming;8
2502;incomplete;10
2503;inconvenience;13
2504;incorporated;12
2505;increase;8
2506;increasing;10
2507;increasingly;12
2508;incredibly;10
2509;incur;5
2510;indebted;8
2511;indecently;10
2512;indecision;10
2513;indefinite;10
2514;indefinitely;12
2515;independent;11
2516;independently;13
2517;indicate;8
2518;indication;10
2519;indicative;10
2520;indifference;12
2521;indifferently;13
2522;indirect;8
2523;indirectly;10
2524;individual;10
2525;individually;12
2526;Indonesia;9
2527;indoors;7
2528;induce;6
2529;indulge;7
2530;industrial;10
2531;industry;8
2532;inefficient;11
2533;inexact;7
2534;inexpensive;11
2535;inexperienced;13
2536;inexpert;8
2537;inexpertly;10
2538;infinite;8
2539;infirm;6
2540;inflation;9
2541;inflict;7
2542;influence;9
2543;influential;11
2544;influenza;9
2545;inform;6
2546;informally;10
2547;informant;9
2548;information;11
2549;informative;11
2550;informed;8
2551;informer;8
2552;informing;9
2553;infrequent;10
2554;ingenuity;9
2555;inglenook;9
2556;ingredient;10
2557;inherent;8
2558;inhibit;7
2559;inhouse;7
2560;initial;7
2561;initialize;10
2562;initially;9
2563;initiate;8
2564;initiation;10
2565;initiative;10
2566;injection;9
2567;injury;6
2568;ink;3
2569;inn;3
2570;innovate;8
2571;innovation;10
2572;innovative;10
2573;innovator;9
2574;input;5
2575;inquire;7
2576;inquiring;9
2577;inquiry;7
2578;inscribe;8
2579;inscription;11
2580;insecure;8
2581;inside;6
2582;insight;7
2583;insignificant;13
2584;insincere;9
2585;insist;6
2586;insistence;10
2587;insistent;9
2588;inspect;7
2589;inspection;10
2590;inspector;9
2591;inspiration;11
2592;inspired;8
2593;inspiring;9
2594;install;7
2595;installation;12
2596;installment;11
2597;instant;7
2598;instantly;9
2599;instead;7
2600;institute;9
2601;institution;11
2602;instruct;8
2603;instruction;11
2604;instructional;13
2605;instructor;10
2606;instrument;10
2607;instrumental;12
2608;insufficient;12
2609;insurance;9
2610;insurer;7
2611;intake;6
2612;integration;11
2613;intellectual;12
2614;intelligent;11
2615;intelligently;13
2616;intend;6
2617;intended;8
2618;intending;9
2619;intensely;9
2620;intensify;9
2621;intensity;9
2622;intensive;9
2623;intent;6
2624;intention;9
2625;intentional;11
2626;intently;8
2627;interact;8
2628;interaction;11
2629;interactive;11
2630;interest;8
2631;interested;10
2632;interesting;11
2633;interestingly;13
2634;interface;9
2635;interfere;9
2636;interfering;11
2637;intergroup;10
2638;interim;7
2639;interior;8
2640;intermediate;12
2641;intermission;12
2642;intermittent;12
2643;intern;6
2644;internal;8
2645;internally;10
2646;international;13
2647;internationally;15
2648;interne;7
2649;internship;10
2650;interpersonal;13
2651;interphone;10
2652;interpret;9
2653;interpretation;14
2654;interpreter;11
2655;interrupt;9
2656;interrupted;11
2657;interruption;12
2658;intersection;12
2659;interval;8
2660;intervene;9
2661;interview;9
2662;interviewer;11
2663;into;4
2664;intricate;9
2665;introduce;9
2666;introduction;12
2667;introductory;12
2668;intuition;9
2669;intuitive;9
2670;invasive;8
2671;invent;6
2672;invention;9
2673;inventor;8
2674;inventory;9
2675;invest;6
2676;investigate;11
2677;investigation;13
2678;investigative;13
2679;investment;10
2680;investor;8
2681;invitation;10
2682;invite;6
2683;inviting;8
2684;invitingly;10
2685;invoice;7
2686;involve;7
2687;involved;8
2688;involvement;11
2689;inward;6
2690;inwardly;8
2691;Ipswich;7
2692;Iran;4
2693;irrelevant;10
2694;irritation;10
2695;is;2
2696;island;6
2697;isolated;8
2698;issuable;8
2699;issue;5
2700;issuer;6
2701;Istanbul;8
2702;it;2
2703;Italian;7
2704;Italy;5
2705;item;4
2706;itinerary;9
2707;ITO;3
2708;its;3
2709;itself;6
2710;jab;3
2711;jacket;6
2712;Jackson;7
2713;Jakarta;7
2714;James;5
2715;Jamestown;9
2716;Jane;4
2717;Janet;5
2718;January;7
2719;Japan;5
2720;jazz;4
2721;Jefferson;9
2722;jericho;7
2723;jet;3
2724;jewelry;7
2725;job;3
2726;jobless;7
2727;Joe;3
2728;Johannesburg;12
2729;John;4
2730;Johnson;7
2731;join;4
2732;jointly;7
2733;Jonah;5
2734;Jones;5
2735;Jordan;6
2736;Jos;3
2737;Joseph;6
2738;journal;7
2739;journalism;10
2740;journalist;10
2741;journalistic;12
2742;journey;7
2743;joy;3
2744;judge;5
2745;judgement;9
2746;judgment;8
2747;juice;5
2748;Julia;5
2749;July;4
2750;jump;4
2751;Jun;3
2752;juncture;8
2753;june;4
2754;juniper;7
2755;junta;5
2756;jurisdiction;12
2757;just;4
2758;justify;7
2759;justly;6
2760;Kan.;4
2761;Kant;4
2762;kaput;5
2763;karabiner;9
2764;kay;3
2765;keen;4
2766;keep;4
2767;keeping;7
2768;Keller;6
2769;Ken;3
2770;kept;4
2771;Kevin;5
2772;key;3
2773;keyboard;8
2774;keynote;7
2775;keypad;6
2776;Kilimanjaro;11
2777;kilometer;9
2778;Kimberley;9
2779;kind;4
2780;kindergarten;12
2781;kindly;6
2782;king;4
2783;kingdom;7
2784;kingston;8
2785;kitchen;7
2786;Kleinian;8
2787;knew;4
2788;knives;6
2789;knot;4
2790;know;4
2791;knowing;7
2792;knowingly;9
2793;knowledge;9
2794;knowledgeable;13
2795;known;5
2796;kop;3
2797;korean;6
2798;Kuala Lumpur;12
2799;kwahiorkor;10
2800;kylin;5
2801;lab;3
2802;label;5
2803;labor;5
2804;laboratory;10
2805;laborer;7
2806;lack;4
2807;lady;4
2808;lag;3
2809;lake;4
2810;lamp;4
2811;land;4
2812;landed;6
2813;landmark;8
2814;landowner;9
2815;landscape;9
2816;lane;4
2817;langlauf;8
2818;language;8
2819;langue;6
2820;laptop;6
2821;large;5
2822;largely;7
2823;largescale;10
2824;laser;5
2825;last;4
2826;lastly;6
2827;lat;3
2828;late;4
2829;lately;6
2830;lateness;8
2831;later;5
2832;latest;6
2833;Latin;5
2834;launch;6
2835;laundry;7
2836;law;3
2837;Lawrence;8
2838;lawyer;6
2839;lay;3
2840;layer;5
2841;layout;6
2842;lb;2
2843;lead;4
2844;leader;6
2845;leadership;10
2846;leading;7
2847;league;6
2848;leak;4
2849;lean;4
2850;learn;5
2851;learned;7
2852;learning;8
2853;lease;5
2854;least;5
2855;leather;7
2856;leave;5
2857;leaves;6
2858;leaving;7
2859;lecture;7
2860;lecturer;8
2861;led;3
2862;lee;3
2863;left;4
2864;legal;5
2865;legible;7
2866;lei;3
2867;LEM;3
2868;lending;7
2869;length;6
2870;lengthen;8
2871;lengthily;9
2872;lengthy;7
2873;lenient;7
2874;less;4
2875;lesser;6
2876;lesson;6
2877;let;3
2878;Lett;4
2879;letter;6
2880;letterhead;10
2881;level;5
2882;leveled;7
2883;leveling;8
2884;levy;4
2885;li;2
2886;liable;6
2887;liana;5
2888;liberty;7
2889;librarian;9
2890;library;7
2891;license;7
2892;licensed;8
2893;lie;3
2894;life;4
2895;lifestyle;9
2896;lifetime;8
2897;light;5
2898;lighting;8
2899;lightly;7
2900;lights;6
2901;like;4
2902;likelihood;10
2903;likely;6
2904;liken;5
2905;likewise;8
2906;liking;6
2907;limit;5
2908;limitation;10
2909;limited;7
2910;limiting;8
2911;Linda;5
2912;linden;6
2913;line;4
2914;linkup;6
2915;lion;4
2916;liquid;6
2917;liquidate;9
2918;list;4
2919;listen;6
2920;listener;8
2921;lit;3
2922;literature;10
2923;little;6
2924;live;4
2925;lived;5
2926;lively;6
2927;living;6
2928;load;4
2929;loaded;6
2930;loading;7
2931;loan;4
2932;lobby;5
2933;local;5
2934;locality;8
2935;locally;7
2936;locate;6
2937;located;7
2938;location;8
2939;lock;4
2940;Locke;5
2941;lodge;5
2942;lodging;7
2943;log;3
2944;logical;7
2945;logo;4
2946;logos;5
2947;London;6
2948;long;4
2949;longe;5
2950;longwool;8
2951;look;4
2952;looking;7
2953;loose;5
2954;loosen;6
2955;lope;4
2956;LOS;3
2957;lose;4
2958;losing;6
2959;lost;4
2960;lot;3
2961;loud;4
2962;loudspeaker;11
2963;lounge;6
2964;love;4
2965;low;3
2966;lower;5
2967;lowest;6
2968;loyal;5
2969;loyally;7
2970;loyalty;7
2971;luckily;7
2972;lucrative;9
2973;luggage;7
2974;lumberyard;10
2975;Luna;4
2976;lunch;5
2977;luncheon;8
2978;lutist;6
2979;luxurious;9
2980;luxury;6
2981;lymph;5
2982;machinate;9
2983;machinery;9
2984;machinist;9
2985;mack;4
2986;made;4
2987;madison anenue;14
2988;madrid;6
2989;magazine;8
2990;Magellan;8
2991;magna charta;12
2992;magnifier;9
2993;mail;4
2994;mailing;7
2995;main;4
2996;mainly;6
2997;maintain;8
2998;maintenance;11
2999;major;5
3000;make;4
3001;making;6
3002;malaysia;8
3003;malfunction;11
3004;malleability;12
3005;manage;6
3006;manageable;10
3007;management;10
3008;manager;7
3009;managerial;10
3010;managing;8
3011;Manchester;10
3012;mandatory;9
3013;Manila;6
3014;manner;6
3015;mansfield;9
3016;mansion;7
3017;manual;6
3018;manually;8
3019;manufacture;11
3020;manufacturer;12
3021;manufacturing;13
3022;manuscript;10
3023;many;4
3024;map;3
3025;March;5
3026;Marcos;6
3027;margin;6
3028;marginal;8
3029;maria;5
3030;Marianne;8
3031;marina;6
3032;maritime;8
3033;mark;4
3034;marked;6
3035;markedly;8
3036;marker;6
3037;market;6
3038;marketer;8
3039;marketing;9
3040;marketplace;11
3041;marking;7
3042;marly;5
3043;mart;4
3044;martin;6
3045;martinet;8
3046;marvel;6
3047;Mary;4
3048;mass;4
3049;master;6
3050;mastermind;10
3051;match;5
3052;material;8
3053;materialistic;13
3054;materialize;11
3055;matter;6
3056;mature;6
3057;maximize;8
3058;maxwell;7
3059;may;3
3060;maya;4
3061;mayor;5
3062;mayoral;7
3063;me;2
3064;meager;6
3065;meal;4
3066;meaning;7
3067;means;5
3068;meant;5
3069;meanwhile;9
3070;measure;7
3071;measured;8
3072;measurement;11
3073;mechanical;10
3074;mechanics;9
3075;medal;5
3076;media;5
3077;medical;7
3078;medicate;8
3079;medication;10
3080;medicinal;9
3081;medicine;8
3082;medow lark;10
3083;meet;4
3084;meeting;7
3085;mega;4
3086;melanesia;9
3087;member;6
3088;membership;10
3089;memo;4
3090;memorable;9
3091;memorandum;10
3092;memorial;8
3093;memorize;8
3094;memory;6
3095;mend;4
3096;mention;7
3097;mentor;6
3098;menu;4
3099;merchandise;11
3100;merchant;8
3101;merely;6
3102;merge;5
3103;merger;6
3104;merit;5
3105;message;7
3106;met;3
3107;metal;5
3108;metallic;8
3109;meteorologist;13
3110;meter;5
3111;method;6
3112;metro;5
3113;metropolis;10
3114;metropolitan;12
3115;Mexican;7
3116;Mexico;6
3117;mi;2
3118;miami;5
3119;microchip;9
3120;mid;3
3121;midland;7
3122;midnight;8
3123;midsize;7
3124;midtown;7
3125;Midwest;7
3126;Midwestern;10
3127;might;5
3128;mike;4
3129;Milan;5
3130;mild;4
3131;mile;4
3132;mileage;7
3133;mill;4
3134;million;7
3135;milton;6
3136;Min;3
3137;mind;4
3138;mine;4
3139;mineral;7
3140;mingle;6
3141;minimize;8
3142;minimum;7
3143;mining;6
3144;minister;8
3145;ministry;8
3146;minor;5
3147;minute;6
3148;minutely;8
3149;mis;3
3150;misinterpret;12
3151;misinterpretation;17
3152;misleading;10
3153;mispronounce;12
3154;miss;4
3155;missing;7
3156;mission;7
3157;mistakable;10
3158;mistake;7
3159;mistaken;8
3160;mistakenly;10
3161;mistook;7
3162;misuse;6
3163;Mitchell;8
3164;mixture;7
3165;mobile;6
3166;mobility;8
3167;mode;4
3168;model;5
3169;moderate;8
3170;moderately;10
3171;moderator;9
3172;modern;6
3173;modernize;9
3174;modest;6
3175;modification;12
3176;modified American plan;22
3177;modify;6
3178;module;6
3179;moment;6
3180;monarch;7
3181;monday;6
3182;monetary;8
3183;money;5
3184;monitor;7
3185;monroe;6
3186;monsoon;7
3187;month;5
3188;monthly;7
3189;monument;8
3190;MOR;3
3191;morale;6
3192;more;4
3193;moreover;8
3194;morganatic;10
3195;morning;7
3196;morrison shelter;16
3197;mortgage;8
3198;most;4
3199;mostly;6
3200;motivate;8
3201;motivation;10
3202;motivational research;21
3203;motive;6
3204;motor;5
3205;motorist;8
3206;mountain;8
3207;move;4
3208;movement;8
3209;movie;5
3210;moving;6
3211;mr;2
3212;mrs;3
3213;Ms;2
3214;mt;2
3215;much;4
3216;multinational;13
3217;multiple;8
3218;munich;6
3219;municipal;9
3220;municipality;12
3221;murphy;6
3222;museum;6
3223;music;5
3224;musical;7
3225;must;4
3226;mutual;6
3227;mutually;8
3228;my;2
3229;myself;6
3230;mystery;7
3231;nah;3
3232;NAM;3
3233;name;4
3234;named;5
3235;namely;6
3236;narrow;6
3237;narrowly;8
3238;nation;6
3239;national;8
3240;nationality;11
3241;nationwide;10
3242;native;6
3243;natural;7
3244;nature;6
3245;near;4
3246;nearby;6
3247;nearly;6
3248;necessarily;11
3249;necessary;9
3250;necessitate;11
3251;necessity;9
3252;need;4
3253;needless;8
3254;needlessly;10
3255;needs;5
3256;negation;8
3257;negative;8
3258;negatively;10
3259;negligence;10
3260;negligible;10
3261;negotiate;9
3262;negotiation;11
3263;negotiator;10
3264;neighbor;8
3265;neither;7
3266;Nelson;6
3267;nervously;9
3268;net;3
3269;network;7
3270;networking;10
3271;neutral;7
3272;neutrally;9
3273;never;5
3274;nevertheless;12
3275;new;3
3276;newel;5
3277;newly;5
3278;Newman;6
3279;news;4
3280;newscaster;10
3281;newsletter;10
3282;newspaper;9
3283;next;4
3284;Nicholas;8
3285;night;5
3286;nights;6
3287;nine;4
3288;ninety;6
3289;ninth;5
3290;no;2
3291;noise;5
3292;nominate;8
3293;nomination;10
3294;non;3
3295;nonconformist;13
3296;none;4
3297;nonprofit;9
3298;noon;4
3299;nor;3
3300;normal;6
3301;normally;8
3302;north;5
3303;northeast;9
3304;northern;8
3305;not;3
3306;notable;7
3307;notation;8
3308;note;4
3309;notebook;8
3310;noted;5
3311;nothing;7
3312;notice;6
3313;noticeable;10
3314;noticeably;10
3315;notification;12
3316;notify;6
3317;nova;4
3318;novel;5
3319;novelist;8
3320;November;8
3321;now;3
3322;null;4
3323;number;6
3324;Numbers;7
3325;numericallycontrolled;21
3326;numerous;8
3327;numerously;10
3328;nursing;7
3329;nutrition;9
3330;nutritional;11
3331;oak;3
3332;object;6
3333;objectify;9
3334;objection;9
3335;objective;9
3336;objectively;11
3337;obligated;9
3338;obligation;10
3339;observable;10
3340;observant;9
3341;observantly;11
3342;observe;7
3343;observer;8
3344;obstacle;8
3345;obstruct;8
3346;obtain;6
3347;obvious;7
3348;obviously;9
3349;occasion;8
3350;occasional;10
3351;occasionally;12
3352;occupant;8
3353;occupation;10
3354;occupational;12
3355;occupied;8
3356;occupy;6
3357;occur;5
3358;occurrence;10
3359;October;7
3360;of;2
3361;offer;5
3362;offering;8
3363;office;6
3364;officer;7
3365;official;8
3366;often;5
3367;oh;2
3368;oil;3
3369;old;3
3370;olden;5
3371;olive;5
3372;Oliver;6
3373;omission;8
3374;omit;4
3375;on;2
3376;once;4
3377;one;3
3378;oneself;7
3379;ongoing;7
3380;online;6
3381;only;4
3382;onto;4
3383;open;4
3384;opener;6
3385;opening;7
3386;openly;6
3387;openness;8
3388;opera;5
3389;operate;7
3390;operating;9
3391;operation;9
3392;operational;11
3393;operative;9
3394;operator;8
3395;opinion;7
3396;opponent;8
3397;opportune;9
3398;opportunity;11
3399;opposability;12
3400;opposite;8
3401;opposition;10
3402;optic;5
3403;optimism;8
3404;optimist;8
3405;optimistic;10
3406;optimistically;14
3407;option;6
3408;optional;8
3409;optionally;10
3410;or;2
3411;oral;4
3412;orchard;7
3413;orchestra;9
3414;order;5
3415;ordered;7
3416;orderly;7
3417;ordinarily;10
3418;organic;7
3419;organizable;11
3420;organization;12
3421;organizational;14
3422;organize;8
3423;organized;9
3424;organizer;9
3425;orientation;11
3426;origin;6
3427;original;8
3428;originality;11
3429;originally;10
3430;originate;9
3431;originator;10
3432;Oscan;5
3433;other;5
3434;otherwise;9
3435;otto;4
3436;our;3
3437;ours;4
3438;ourselves;9
3439;out;3
3440;outbreak;8
3441;outcome;7
3442;outdated;8
3443;outdoor;7
3444;outfitter;9
3445;outgoing;8
3446;outlay;6
3447;outline;7
3448;outpace;7
3449;output;6
3450;outreach;8
3451;outside;7
3452;outstanding;11
3453;ovation;7
3454;oven;4
3455;over;4
3456;overall;7
3457;overbook;8
3458;overcome;8
3459;overdue;7
3460;overhead;8
3461;overheat;8
3462;overlap;7
3463;overly;6
3464;overpower;9
3465;overrule;8
3466;oversea;7
3467;oversee;7
3468;oversight;9
3469;oversized;9
3470;overstaff;9
3471;overstate;9
3472;overtime;8
3473;overview;8
3474;overwhelm;9
3475;overwhelming;12
3476;overwork;8
3477;owe;3
3478;owing;5
3479;own;3
3480;owned;5
3481;owner;5
3482;ownership;9
3483;Oxford;6
3484;pacific;7
3485;package;7
3486;packet;6
3487;packing;7
3488;page;4
3489;paging;6
3490;paid;4
3491;paint;5
3492;painted;7
3493;painter;7
3494;painting;8
3495;palm;4
3496;palmer;6
3497;pamphlet;8
3498;panel;5
3499;panelist;8
3500;pang;4
3501;paper;5
3502;parachute;9
3503;paradise;8
3504;paragraph;9
3505;parent;6
3506;paris;5
3507;park;4
3508;parking;7
3509;parkway;7
3510;parliament;10
3511;part;4
3512;parted;6
3513;partial;7
3514;partially;9
3515;participant;11
3516;participate;11
3517;participation;13
3518;particle;8
3519;particular;10
3520;particularly;12
3521;parting;7
3522;partly;6
3523;partner;7
3524;partnership;11
3525;parturient;10
3526;party;5
3527;pass;4
3528;passe;5
3529;passed;6
3530;passenger;9
3531;passport;8
3532;password;8
3533;past;4
3534;pastry;6
3535;pate;4
3536;patent;6
3537;path;4
3538;patient;7
3539;patron;6
3540;patronize;9
3541;pattern;7
3542;paul;4
3543;pay;3
3544;payable;7
3545;paycheck;8
3546;payday;6
3547;paying;6
3548;payment;7
3549;payroll;7
3550;peak;4
3551;peaked;6
3552;peanut;6
3553;pear;4
3554;pecan;5
3555;peck;4
3556;pedrail;7
3557;peeling;7
3558;peer;4
3559;pen;3
3560;pending;7
3561;peninsula;9
3562;pennsylvania;12
3563;pentecost;9
3564;people;6
3565;per;3
3566;perceive;8
3567;percent;7
3568;percentage;10
3569;perception;10
3570;pere;4
3571;perfect;7
3572;perfection;10
3573;perfectly;9
3574;perform;7
3575;performable;11
3576;performance;11
3577;performer;9
3578;performing;10
3579;perhaps;7
3580;period;6
3581;periodic;8
3582;periodical;10
3583;periodically;12
3584;perishable;10
3585;perished;8
3586;permanent;9
3587;permanently;11
3588;permissible;11
3589;permission;10
3590;permissive;10
3591;permit;6
3592;perry;5
3593;persist;7
3594;persistence;11
3595;persistent;10
3596;person;6
3597;personal;8
3598;personalization;15
3599;personalize;11
3600;personally;10
3601;personnel;9
3602;perspective;11
3603;persuadable;11
3604;persuade;8
3605;persuasion;10
3606;persuasive;10
3607;persuasively;12
3608;persuasiveness;14
3609;PERT;4
3610;pertain;7
3611;pesticide;9
3612;pet;3
3613;peter;5
3614;petition;8
3615;petrol;6
3616;petroleum;9
3617;PHA;3
3618;pharmaceutical;14
3619;pharmacy;8
3620;phase;5
3621;phenomenal;10
3622;phillips curve;14
3623;phone;5
3624;photo;5
3625;photocopier;11
3626;photocopy;9
3627;photoelectric;13
3628;photograph;10
3629;photographer;12
3630;photographic;12
3631;photography;11
3632;phrase;6
3633;physical;8
3634;physician;9
3635;pianist;7
3636;piccalilli;10
3637;pick;4
3638;picked;6
3639;picnic;6
3640;picture;7
3641;piece;5
3642;pillar;6
3643;pine;4
3644;pioneer;7
3645;pipe;4
3646;pipeline;8
3647;pitch;5
3648;pizza;5
3649;place;5
3650;placement;9
3651;placing;7
3652;plan;4
3653;plane;5
3654;planetarium;11
3655;planned;7
3656;planner;7
3657;planning;8
3658;plant;5
3659;plastic;7
3660;platinum;8
3661;play;4
3662;player;6
3663;plaza;5
3664;plead;5
3665;pleasant;8
3666;please;6
3667;pleased;7
3668;pleasing;8
3669;pleasurable;11
3670;pleasure;8
3671;pledge;6
3672;plentiful;9
3673;plenty;6
3674;plot;4
3675;plumbing;8
3676;plunge;6
3677;plus;4
3678;point;5
3679;pointedly;9
3680;poise;5
3681;poland;6
3682;policy;6
3683;politely;8
3684;political;9
3685;politician;10
3686;politicize;10
3687;poll;4
3688;pollen;6
3689;polling;7
3690;pollutant;9
3691;pollute;7
3692;pollution;9
3693;pool;4
3694;poor;4
3695;popular;7
3696;popularity;10
3697;population;10
3698;port;4
3699;portable;8
3700;portage;7
3701;portal;6
3702;portion;7
3703;portrait;8
3704;pose;4
3705;position;8
3706;positive;8
3707;positively;10
3708;positivity;10
3709;possess;7
3710;possessed;9
3711;possibility;11
3712;possible;8
3713;possibly;8
3714;post;4
3715;postage;7
3716;posted;6
3717;posting;7
3718;postpone;8
3719;potential;9
3720;potentially;11
3721;poultry;7
3722;pound;5
3723;pour;4
3724;power;5
3725;powered;7
3726;powerful;8
3727;powerfully;10
3728;practical;9
3729;practice;8
3730;practiced;9
3731;practitioner;12
3732;prague;6
3733;praisable;9
3734;praise;6
3735;precaution;10
3736;precious;8
3737;precise;7
3738;precisely;9
3739;preciseness;11
3740;precision;9
3741;precook;7
3742;predict;7
3743;predictable;11
3744;predictably;11
3745;prediction;10
3746;predominant;11
3747;predominate;11
3748;preexist;8
3749;prefer;6
3750;preferably;10
3751;preference;10
3752;preferential;12
3753;preliminary;11
3754;premature;9
3755;premise;7
3756;preparation;11
3757;preparatory;11
3758;prepare;7
3759;prepared;8
3760;preparedness;12
3761;prerequisite;12
3762;prescription;12
3763;presence;8
3764;present;7
3765;presentable;11
3766;presentation;12
3767;presenter;9
3768;presently;9
3769;preservable;11
3770;preservation;12
3771;preservationist;15
3772;preserve;8
3773;president;9
3774;press;5
3775;pressed;7
3776;pressure;8
3777;prestigious;11
3778;presumably;10
3779;pretend;7
3780;prevail;7
3781;prevalent;9
3782;prevent;7
3783;preventable;11
3784;prevention;10
3785;preventive;10
3786;preview;7
3787;previous;8
3788;previously;10
3789;price;5
3790;priced;6
3791;pride;5
3792;primarily;9
3793;primary;7
3794;prime;5
3795;prin;4
3796;principal;9
3797;print;5
3798;printed;7
3799;printer;7
3800;printing;8
3801;prior;5
3802;priority;8
3803;private;7
3804;privatization;13
3805;privilege;9
3806;prize;5
3807;pro;3
3808;probability;11
3809;probable;8
3810;probably;8
3811;probationary;12
3812;problem;7
3813;procedure;9
3814;proceed;7
3815;proceeding;10
3816;proceeds;8
3817;process;7
3818;processor;9
3819;procurement;11
3820;produce;7
3821;producer;8
3822;producing;9
3823;product;7
3824;production;10
3825;productive;10
3826;productiveness;14
3827;productivity;12
3828;profession;10
3829;professional;12
3830;professionalism;15
3831;professionally;14
3832;professor;9
3833;proficient;10
3834;profile;7
3835;profit;6
3836;profitability;13
3837;profitable;10
3838;profiteering;12
3839;profoundly;10
3840;program;7
3841;progress;8
3842;progression;11
3843;prohibit;8
3844;project;7
3845;projection;10
3846;prolong;7
3847;prolonged;9
3848;prominent;9
3849;promise;7
3850;promising;9
3851;promissory;10
3852;promote;7
3853;promotion;9
3854;promotional;11
3855;prompt;6
3856;prompter;8
3857;prompting;9
3858;promptly;8
3859;prone;5
3860;proof;5
3861;proofread;9
3862;proofreader;11
3863;proper;6
3864;properly;8
3865;property;8
3866;proponent;9
3867;proportion;10
3868;proportionate;13
3869;proposal;8
3870;propose;7
3871;prospect;8
3872;prospective;11
3873;prosperity;10
3874;prosperous;10
3875;prosperously;12
3876;protect;7
3877;protected;9
3878;protective;10
3879;prototype;9
3880;proud;5
3881;prove;5
3882;proven;6
3883;provide;7
3884;provided;8
3885;provider;8
3886;providing;9
3887;province;8
3888;provision;9
3889;provisionally;13
3890;proximity;9
3891;public;6
3892;publication;11
3893;publicity;9
3894;publicize;9
3895;publish;7
3896;publisher;9
3897;publishing;10
3898;Puget Sound;11
3899;puma;4
3900;punctual;8
3901;punctually;10
3902;purchasable;11
3903;purchase;8
3904;purchaser;9
3905;purification;12
3906;purple;6
3907;purpose;7
3908;purposeful;10
3909;purposeless;11
3910;purposely;9
3911;pursuance;9
3912;pursue;6
3913;put;3
3914;qualificatory;13
3915;qualified;9
3916;qualifier;9
3917;qualify;7
3918;qualifying;10
3919;quality;7
3920;quantity;8
3921;quarter;7
3922;quarterly;9
3923;Queens;6
3924;question;8
3925;questionnaire;13
3926;qui vive;8
3927;quick;5
3928;quickeared;10
3929;quickly;7
3930;quickness;9
3931;quiet;5
3932;quieter;7
3933;quietly;7
3934;quite;5
3935;quota;5
3936;quote;5
3937;race;4
3938;radiant;7
3939;radiation;9
3940;radically;9
3941;radio;5
3942;radiology;9
3943;radius;6
3944;railway;7
3945;rain;4
3946;rainfall;8
3947;rainy;5
3948;raise;5
3949;raised;6
3950;ramose;6
3951;range;5
3952;rank;4
3953;rapid;5
3954;rapidity;8
3955;rapidly;7
3956;rapidness;9
3957;rare;4
3958;rarely;6
3959;rate;4
3960;rather;6
3961;rating;6
3962;rationale;9
3963;ravage;6
3964;raw;3
3965;Ray;3
3966;reach;5
3967;reached;7
3968;react;5
3969;reaction;8
3970;read;4
3971;reader;6
3972;readership;10
3973;readily;7
3974;readiness;9
3975;reading;7
3976;ready;5
3977;real;4
3978;realistic;9
3979;realistically;13
3980;realize;7
3981;really;6
3982;reappear;8
3983;rear;4
3984;rearrange;9
3985;reason;6
3986;reasonable;10
3987;reasonably;10
3988;reasoned;8
3989;reasoning;9
3990;reassurance;11
3991;rebate;6
3992;rebuild;7
3993;recalcitrance;13
3994;recall;6
3995;receipt;7
3996;receive;7
3997;received;8
3998;receiving;9
3999;recent;6
4000;recently;8
4001;reception;9
4002;receptionist;12
4003;recession;9
4004;recharge;8
4005;recipe;6
4006;recipient;9
4007;recital;7
4008;recognition;11
4009;recognizability;15
4010;recognizable;12
4011;recognize;9
4012;recommend;9
4013;recommendable;13
4014;recommendation;14
4015;reconfigure;11
4016;reconfirm;9
4017;reconnaissance;14
4018;reconstruction;14
4019;record;6
4020;recording;9
4021;recover;7
4022;recovered;9
4023;recovery;8
4024;recreation;10
4025;recreational;12
4026;recruit;7
4027;recruitment;11
4028;recurrent;9
4029;recurring;9
4030;recycling;9
4031;red;3
4032;redd;4
4033;redecorate;10
4034;reduce;6
4035;reduced;7
4036;reducing;8
4037;reduction;9
4038;redundant;9
4039;reecho;6
4040;reed;4
4041;reelection;10
4042;refer;5
4043;reference;9
4044;referendum;10
4045;referral;8
4046;refinance;9
4047;refinery;8
4048;reflect;7
4049;reflection;10
4050;reflective;10
4051;reform;6
4052;reformatory;11
4053;reformed;8
4054;reformer;8
4055;refrain;7
4056;refreshment;11
4057;refrigerator;12
4058;refund;6
4059;refurbish;9
4060;refusable;9
4061;refuse;6
4062;regain;6
4063;regard;6
4064;regarding;9
4065;regardless;10
4066;region;6
4067;regional;8
4068;register;8
4069;registered;10
4070;registration;12
4071;registry;8
4072;regret;6
4073;regretful;9
4074;regretfully;11
4075;regular;7
4076;regularity;10
4077;regularly;9
4078;regulate;8
4079;regulation;10
4080;regulator;9
4081;reillusion;10
4082;reimburse;9
4083;reimbursement;13
4084;rein;4
4085;reinvest;8
4086;reject;6
4087;rejection;9
4088;relate;6
4089;related;7
4090;relation;8
4091;relationship;12
4092;relative;8
4093;relatively;10
4094;relaxation;10
4095;release;7
4096;relevance;9
4097;relevant;8
4098;relevantly;10
4099;reliability;11
4100;reliable;8
4101;reliably;8
4102;reliance;8
4103;reliant;7
4104;relief;6
4105;relieve;7
4106;relocatable;11
4107;relocate;8
4108;relocation;10
4109;reluctant;9
4110;rely;4
4111;remain;6
4112;remainder;9
4113;remark;6
4114;remarkable;10
4115;remarkably;10
4116;remember;8
4117;remind;6
4118;reminder;8
4119;reminiscent;11
4120;remodel;7
4121;remotely;8
4122;removability;12
4123;removable;9
4124;removal;7
4125;remove;6
4126;removed;7
4127;remover;7
4128;renegotiate;11
4129;renew;5
4130;renewable;9
4131;renewal;7
4132;renovate;8
4133;renovation;10
4134;renowned;8
4135;rent;4
4136;rental;6
4137;rented;6
4138;rents;5
4139;reopen;6
4140;reorganization;14
4141;reorganize;10
4142;repair;6
4143;repave;6
4144;repayment;9
4145;repeat;6
4146;repeated;8
4147;repeatedly;10
4148;repeater;8
4149;repeating;9
4150;repetition;10
4151;repetitious;11
4152;repetitive;10
4153;replace;7
4154;replacement;11
4155;replenishment;13
4156;reply;5
4157;report;6
4158;reportedly;10
4159;reporter;8
4160;represent;9
4161;representational;16
4162;representative;14
4163;reprint;7
4164;reproduce;9
4165;reproducible;12
4166;republic;8
4167;reputation;10
4168;request;7
4169;require;7
4170;required;8
4171;requirement;11
4172;requisite;9
4173;requisition;11
4174;reschedule;10
4175;research;8
4176;researcher;10
4177;resemble;8
4178;reservation;11
4179;reserve;7
4180;reserved;8
4181;reservedly;10
4182;reservoir;9
4183;reside;6
4184;residence;9
4185;resident;8
4186;residential;11
4187;resign;6
4188;resigned;8
4189;resist;6
4190;resistance;10
4191;resistant;9
4192;resolvability;13
4193;resolve;7
4194;resolved;8
4195;resort;6
4196;resource;8
4197;respect;7
4198;respectable;11
4199;respected;9
4200;respectfully;12
4201;respecting;10
4202;respective;10
4203;respectively;12
4204;respond;7
4205;response;8
4206;responsibility;14
4207;responsible;11
4208;responsibly;11
4209;responsive;10
4210;responsively;12
4211;rest;4
4212;restart;7
4213;restaurant;10
4214;restfully;9
4215;restock;7
4216;restoration;11
4217;restore;7
4218;restrained;10
4219;restrict;8
4220;restricted;10
4221;restriction;11
4222;restrictive;11
4223;restrictively;13
4224;restructure;11
4225;result;6
4226;resume;6
4227;retail;6
4228;retailer;8
4229;retain;6
4230;retention;9
4231;retire;6
4232;retired;7
4233;retirement;10
4234;retiring;8
4235;retreat;7
4236;retrieve;8
4237;retrofit;8
4238;return;6
4239;returned;8
4240;reused;6
4241;reveal;6
4242;revenue;7
4243;revers;6
4244;reversed;8
4245;review;6
4246;reviewer;8
4247;revisal;7
4248;revise;6
4249;revision;8
4250;revisit;7
4251;revoke;6
4252;revolutionary;13
4253;revolve;7
4254;reward;6
4255;rewarding;9
4256;rewind;6
4257;Reye('s) syndrome;17
4258;rezone;6
4259;Rhenish;7
4260;rice;4
4261;rich;4
4262;richly;6
4263;Richmond;8
4264;ride;4
4265;ridge;5
4266;right;5
4267;rightly;7
4268;rights;6
4269;rigid;5
4270;rigor;5
4271;rigorous;8
4272;rigorously;10
4273;Rio;3
4274;rise;4
4275;risen;5
4276;rising;6
4277;risk;4
4278;Rita;4
4279;rival;5
4280;river;5
4281;riverfront;10
4282;Riviera;7
4283;Riyadh;6
4284;road;4
4285;Rob;3
4286;Robert;6
4287;Robin;5
4288;Robinson;8
4289;rock;4
4290;Roger;5
4291;Roland;6
4292;role;4
4293;Rome;4
4294;room;4
4295;rose;4
4296;roseleaf;8
4297;Rosie;5
4298;Ross;4
4299;rot;3
4300;rotatable;9
4301;rotate;6
4302;rotation;8
4303;rotifer;7
4304;roughly;7
4305;round;5
4306;roundup;7
4307;route;5
4308;routine;7
4309;row;3
4310;rowing;6
4311;royal;5
4312;rubber;6
4313;Rudy;4
4314;ruin;4
4315;rule;4
4316;Rumania;7
4317;run;3
4318;running;7
4319;runway;6
4320;rural;5
4321;rush;4
4322;safe;4
4323;safely;6
4324;safety;6
4325;said;4
4326;saith;5
4327;salad;5
4328;salary;6
4329;sale;4
4330;salespeople;11
4331;salesperson;11
4332;salon;5
4333;salter;6
4334;Salvador;8
4335;same;4
4336;sample;6
4337;Samuel;6
4338;sand;4
4339;sanded;6
4340;Sandra;6
4341;sandwich;8
4342;Sanforize;9
4343;Santeria;8
4344;SantoDomingo;12
4345;sarah;5
4346;SAT;3
4347;satiable;8
4348;satisfaction;12
4349;satisfactorily;14
4350;satisfactory;12
4351;satisfied;9
4352;satisfy;7
4353;satisfying;10
4354;saturated;9
4355;Saturday;8
4356;save;4
4357;saving;6
4358;say;3
4359;scan;4
4360;scarcely;8
4361;scene;5
4362;scenery;7
4363;scenic;6
4364;schedule;8
4365;scheme;6
4366;Schmidt;7
4367;school;6
4368;schoolchildren;14
4369;science;7
4370;scientist;9
4371;Scott;5
4372;scramble;8
4373;screen;6
4374;screening;9
4375;screenings;10
4376;sculpture;9
4377;sea;3
4378;seafood;7
4379;sealed;6
4380;seamark;7
4381;search;6
4382;searching;9
4383;season;6
4384;seasonable;10
4385;seasonal;8
4386;seat;4
4387;seating;7
4388;Seattle;7
4389;Sebastian;9
4390;secluded;8
4391;second;6
4392;secondary;9
4393;secretary;9
4394;section;7
4395;sector;6
4396;securable;9
4397;secure;6
4398;securely;8
4399;security;8
4400;sedan;5
4401;see;3
4402;seeing;6
4403;seek;4
4404;seeker;6
4405;seem;4
4406;seeming;7
4407;seemingly;9
4408;seen;4
4409;seidel;6
4410;seldom;6
4411;select;6
4412;selected;8
4413;selection;9
4414;selective;9
4415;self;4
4416;sell;4
4417;seller;6
4418;selling;7
4419;semanteme;9
4420;seminar;7
4421;senator;7
4422;send;4
4423;sender;6
4424;Seneca;6
4425;senior;6
4426;sensate;7
4427;sense;5
4428;sensibly;8
4429;sensitive;9
4430;sensitively;11
4431;sensitiveness;13
4432;sensitivity;11
4433;sent;4
4434;Seoul;5
4435;separate;8
4436;separately;10
4437;separation;10
4438;September;9
4439;sequel;6
4440;sequence;8
4441;serenely;8
4442;serial;6
4443;series;6
4444;serious;7
4445;serrate;7
4446;serrated;8
4447;serve;5
4448;server;6
4449;service;7
4450;serviceable;11
4451;serving;7
4452;session;7
4453;set;3
4454;setback;7
4455;setting;7
4456;settle;6
4457;settlement;10
4458;settling;8
4459;seven;5
4460;sever;5
4461;several;7
4462;severe;6
4463;severely;8
4464;severeness;10
4465;severity;8
4466;sewing;6
4467;shadow;6
4468;shady;5
4469;shampoo;7
4470;Shanghai;8
4471;shant;5
4472;shape;5
4473;shaped;6
4474;shapely;7
4475;shard;5
4476;share;5
4477;shareholder;11
4478;sharp;5
4479;sharpen;7
4480;sharply;7
4481;sharpness;9
4482;Shaw;4
4483;she;3
4484;sheer;5
4485;sheet;5
4486;sheila;6
4487;shelf;5
4488;shelter;7
4489;shelves;7
4490;shift;5
4491;shim;4
4492;shin;4
4493;ship;4
4494;shipment;8
4495;shipping;8
4496;shoal;5
4497;shoe;4
4498;shopper;7
4499;shopping;8
4500;shore;5
4501;short;5
4502;shortage;8
4503;shorten;7
4504;shortly;7
4505;shortness;9
4506;should;6
4507;show;4
4508;showing;7
4509;shown;5
4510;shun;4
4511;shut;4
4512;shuttle;7
4513;sick;4
4514;side;4
4515;siege;5
4516;sierra;6
4517;sight;5
4518;sightly;7
4519;sign;4
4520;signal;6
4521;signature;9
4522;signed;6
4523;significance;12
4524;significant;11
4525;significantly;13
4526;signify;7
4527;silo;4
4528;silva;5
4529;silver;6
4530;similar;7
4531;simoleon;8
4532;simoniac;8
4533;simple;6
4534;simplify;8
4535;simply;6
4536;simulation;10
4537;simultaneous;12
4538;simultaneously;14
4539;sin;3
4540;since;5
4541;sincere;7
4542;sing;4
4543;Singapore;9
4544;singer;6
4545;single;6
4546;sink;4
4547;sinner;6
4548;sit;3
4549;site;4
4550;situate;7
4551;situated;8
4552;situation;9
4553;six;3
4554;sixteen;7
4555;sixty;5
4556;size;4
4557;skater;6
4558;sketch;6
4559;skier;5
4560;skill;5
4561;skilled;7
4562;skillful;8
4563;skillfully;10
4564;skin;4
4565;sky;3
4566;skyscraper;10
4567;sleep;5
4568;slice;5
4569;slide;5
4570;slight;6
4571;slighting;9
4572;slightly;8
4573;slightness;10
4574;slogan;6
4575;slope;5
4576;slow;4
4577;slowdown;8
4578;slowly;6
4579;small;5
4580;smart;5
4581;smith;5
4582;smithsonite;11
4583;smooth;6
4584;smoothly;8
4585;snow;4
4586;snowstorm;9
4587;so;2
4588;soap;4
4589;soapy;5
4590;soccer;6
4591;social;6
4592;society;7
4593;sofa;4
4594;soft;4
4595;softly;6
4596;software;8
4597;soil;4
4598;solar;5
4599;sold;4
4600;solely;6
4601;solicit;7
4602;solicitation;12
4603;solid;5
4604;solution;8
4605;solvability;11
4606;some;4
4607;someone;7
4608;somersault;10
4609;something;9
4610;sometime;8
4611;sometimes;9
4612;somewhere;9
4613;son;3
4614;song;4
4615;songwriter;10
4616;soojee;6
4617;soon;4
4618;sooner;6
4619;sophisticated;13
4620;sori;4
4621;sort;4
4622;sorting;7
4623;sound;5
4624;soup;4
4625;source;6
4626;south;5
4627;southeast;9
4628;southern;8
4629;spa;3
4630;space;5
4631;spacing;7
4632;spacious;8
4633;spaciously;10
4634;Spanish;7
4635;spare;5
4636;sparingly;9
4637;sparsely;8
4638;speak;5
4639;speaker;7
4640;speaking;8
4641;special;7
4642;specialist;10
4643;specialization;14
4644;specialize;10
4645;specialized;11
4646;specially;9
4647;specialty;9
4648;specific;8
4649;specifically;12
4650;specification;13
4651;specificity;11
4652;specify;7
4653;specimen;8
4654;spectator;9
4655;speculation;11
4656;speech;6
4657;speed;5
4658;speedy;6
4659;spend;5
4660;spender;7
4661;spending;8
4662;spent;5
4663;spice;5
4664;spin;4
4665;spite;5
4666;spoil;5
4667;spoke;5
4668;spoken;6
4669;sponsor;7
4670;spontaneous;11
4671;sporting;8
4672;sports;6
4673;spot;4
4674;spread;6
4675;spring;6
4676;Springfield;11
4677;spruce;6
4678;square;6
4679;stability;9
4680;stabilize;9
4681;stabilizer;10
4682;stable;6
4683;stacking;8
4684;stadium;7
4685;staff;5
4686;stage;5
4687;stain;5
4688;staircase;9
4689;stairway;8
4690;stalactic;9
4691;stance;6
4692;stand;5
4693;standard;8
4694;standardize;11
4695;standing;8
4696;staple;6
4697;stapler;7
4698;star;4
4699;start;5
4700;starting;8
4701;state;5
4702;stated;6
4703;statement;9
4704;station;7
4705;stationary;10
4706;stationer;9
4707;stationery;10
4708;statistical;11
4709;statistically;13
4710;statistician;12
4711;statistics;10
4712;status;6
4713;stay;4
4714;ste;3
4715;steadily;8
4716;steady;6
4717;steakhouse;10
4718;steal;5
4719;steel;5
4720;steep;5
4721;step;4
4722;stephanotis;11
4723;stereo;6
4724;stevedore;9
4725;still;5
4726;stimulate;9
4727;stipulate;9
4728;stock;5
4729;stockholder;11
4730;Stockholm;9
4731;stop;4
4732;stopping;8
4733;storage;7
4734;store;5
4735;story;5
4736;stove;5
4737;straight;8
4738;strain;6
4739;strategic;9
4740;strategically;13
4741;strategize;10
4742;strategy;8
4743;streamline;10
4744;street;6
4745;strength;8
4746;strengthen;10
4747;strenuously;11
4748;stress;6
4749;stressful;9
4750;stretch;7
4751;strict;6
4752;strictly;8
4753;strictness;10
4754;stride;6
4755;stringent;9
4756;strive;6
4757;strong arm;10
4758;strongly;8
4759;structure;9
4760;struggling;10
4761;student;7
4762;studio;6
4763;study;5
4764;style;5
4765;stylish;7
4766;subject;7
4767;subjective;10
4768;submission;10
4769;submissive;10
4770;submit;6
4771;subscribe;9
4772;subscriber;10
4773;subscription;12
4774;subsequence;11
4775;subsequent;10
4776;subsequently;12
4777;subsidiary;10
4778;substance;9
4779;substantial;11
4780;substantially;13
4781;substantiate;12
4782;substitute;10
4783;substitution;12
4784;suburb;6
4785;suburban;8
4786;subway;6
4787;succeed;7
4788;succeeding;10
4789;success;7
4790;successful;10
4791;successfully;12
4792;succession;10
4793;successive;10
4794;successor;9
4795;such;4
4796;sudden;6
4797;suddenly;8
4798;suffer;6
4799;suffering;9
4800;sufficient;10
4801;sugar;5
4802;suggest;7
4803;suggestion;10
4804;suggestive;10
4805;suit;4
4806;suitability;11
4807;suitable;8
4808;suitcase;8
4809;suite;5
4810;suited;6
4811;suiting;7
4812;summarization;13
4813;summarize;9
4814;summary;7
4815;summer;6
4816;summit;6
4817;sun;3
4818;Sunday;6
4819;sung;4
4820;sunny;5
4821;sunshine;8
4822;super;5
4823;superb;6
4824;superintendent;14
4825;superior;8
4826;supermarket;11
4827;superstore;10
4828;supervise;9
4829;supervision;11
4830;supervisor;10
4831;supplement;10
4832;supplier;8
4833;supply;6
4834;support;7
4835;supporter;9
4836;supporting;10
4837;supposed;8
4838;surcharge;9
4839;sure;4
4840;surely;6
4841;surface;7
4842;surge;5
4843;surpassing;10
4844;surplus;7
4845;surprised;9
4846;surprising;10
4847;surprisingly;12
4848;surrounding;11
4849;survey;6
4850;surveying;9
4851;survive;7
4852;suspension;10
4853;sustain;7
4854;sutra;5
4855;swabber;7
4856;Swift;5
4857;swift;5
4858;swimmer;7
4859;swimming;8
4860;switch;6
4861;Sydney;6
4862;symbol;6
4863;sympathetically;15
4864;sympathize;10
4865;sympathy;8
4866;symphony;8
4867;symposium;9
4868;symptom;7
4869;symptomatic;11
4870;synthetical;11
4871;system;6
4872;systematically;14
4873;table;5
4874;tactful;7
4875;tactics;7
4876;tag;3
4877;Tagore;6
4878;tail;4
4879;tailor;6
4880;Taipeh;6
4881;take;4
4882;taken;5
4883;takeoff;7
4884;taking;6
4885;tala;4
4886;talented;8
4887;talk;4
4888;talking;7
4889;tall;4
4890;tamable;7
4891;tamp;4
4892;tan;3
4893;tang;4
4894;tank;4
4895;target;6
4896;Targum;6
4897;tariff;6
4898;task;4
4899;taste;5
4900;taught;6
4901;tax;3
4902;taxation;8
4903;taxeme;6
4904;taxis;5
4905;tea;3
4906;teacher;7
4907;teaching;8
4908;team;4
4909;teamwork;8
4910;tech;4
4911;technical;9
4912;technicality;12
4913;technician;10
4914;technique;9
4915;technologic;11
4916;technological;13
4917;teenage;7
4918;telecom;7
4919;telecommunication;17
4920;telecommute;11
4921;teleconference;14
4922;telephone;9
4923;televise;8
4924;television;10
4925;tell;4
4926;temperately;11
4927;temperature;11
4928;template;8
4929;templet;7
4930;temporarily;11
4931;ten;3
4932;tenant;6
4933;tend;4
4934;tender;6
4935;tenebrae;8
4936;tennis;6
4937;Tennyson;8
4938;tensely;7
4939;tentative;9
4940;tentatively;11
4941;tenth;5
4942;term;4
4943;terminal;8
4944;terminate;9
4945;termination;11
4946;terminological;14
4947;test;4
4948;testament;9
4949;tested;6
4950;testimonial;11
4951;testing;7
4952;Texas;5
4953;textbook;8
4954;textile;7
4955;Thai;4
4956;Thailand;8
4957;than;4
4958;thank;5
4959;thankful;8
4960;that;4
4961;the;3
4962;theater;7
4963;their;5
4964;theirs;6
4965;them;4
4966;theme;5
4967;themselves;10
4968;then;4
4969;theory;6
4970;there;5
4971;therefore;9
4972;these;5
4973;they;4
4974;think;5
4975;third;5
4976;thirty;6
4977;this;4
4978;thorough;8
4979;thoroughly;10
4980;thoroughness;12
4981;those;5
4982;though;6
4983;thought;7
4984;thoughtful;10
4985;thoughtfully;12
4986;thoughtfulness;14
4987;thousand;8
4988;threaten;8
4989;three;5
4990;threw;5
4991;through;7
4992;throughout;10
4993;thunder;7
4994;thunderstorm;12
4995;Thursday;8
4996;thus;4
4997;ticket;6
4998;tie;3
4999;tight;5
5000;tightly;7
5001;time;4
5002;timeline;8
5003;timely;6
5004;timepiece;9
5005;Times;5
5006;timetable;9
5007;tip;3
5008;tire;4
5009;tired;5
5010;tiredly;7
5011;tireless;8
5012;title;5
5013;to;2
5014;toaster;7
5015;Tobit;5
5016;today;5
5017;toein;5
5018;together;8
5019;Tokyo;5
5020;told;4
5021;tolerance;9
5022;tolerate;8
5023;toll;4
5024;Tommy;5
5025;tomorrow;8
5026;toner;5
5027;tonight;7
5028;too;3
5029;took;4
5030;tool;4
5031;top off;7
5032;topic;5
5033;total;5
5034;totally;7
5035;tour;4
5036;tourism;7
5037;tourist;7
5038;tournament;10
5039;toward;6
5040;tower;5
5041;town;4
5042;township;8
5043;toxin;5
5044;toy;3
5045;track;5
5046;tracker;7
5047;tract;5
5048;trad;4
5049;trade;5
5050;trader;6
5051;tradition;9
5052;traditional;11
5053;traffic;7
5054;trail;5
5055;train;5
5056;trainee;7
5057;trainer;7
5058;training;8
5059;transaction;11
5060;transfer;8
5061;transform;9
5062;transformation;14
5063;transit;7
5064;transition;10
5065;translation;11
5066;translator;10
5067;transmit;8
5068;transpacific;12
5069;transport;9
5070;transportation;14
5071;transporter;11
5072;travel;6
5073;traveled;8
5074;traveler;8
5075;traveling;9
5076;travelling;10
5077;treat;5
5078;treatment;9
5079;tree;4
5080;tremendous;10
5081;trenail;7
5082;trend;5
5083;trey;4
5084;trial;5
5085;tribune;7
5086;tried;5
5087;trip;4
5088;triple;6
5089;trouble;7
5090;troubled;8
5091;troupe;6
5092;truck;5
5093;truly;5
5094;trust;5
5095;trustee;7
5096;trusting;8
5097;try;3
5098;tsuris;6
5099;Tuesday;7
5100;tuition;7
5101;tun;3
5102;turbine;7
5103;turn;4
5104;turned;6
5105;turner;6
5106;turning;7
5107;TV;2
5108;twelve;6
5109;twenty;6
5110;twice;5
5111;two;3
5112;tying;5
5113;type;4
5114;typical;7
5115;typically;9
5116;typing;6
5117;tyro;4
5118;uhuru;5
5119;uke;3
5120;Ukrainian;9
5121;ultimately;10
5122;ultraviolet;11
5123;unable;6
5124;unaccustomed;12
5125;unanimous;9
5126;unanimously;11
5127;unavailable;11
5128;unbearably;10
5129;uncertain;9
5130;uncertainty;11
5131;uncharted;9
5132;uncomfortable;13
5133;unconditional;13
5134;unconventional;14
5135;undecided;9
5136;undeniable;10
5137;under;5
5138;undergo;7
5139;underlying;10
5140;underpaid;9
5141;understaffed;12
5142;understand;10
5143;understandable;14
5144;understandably;14
5145;understanding;13
5146;understood;10
5147;underwriter;11
5148;undivided;9
5149;uneasy;6
5150;unemployment;12
5151;unexpected;10
5152;unexpectedly;12
5153;unfamiliar;10
5154;unfavorable;11
5155;unfold;6
5156;unforeseen;10
5157;unfortunate;11
5158;unfortunately;13
5159;unhappy;7
5160;uniform;7
5161;unimportant;11
5162;unimpressive;12
5163;unique;6
5164;uniquely;8
5165;unit;4
5166;united;6
5167;universal;9
5168;universality;12
5169;universally;11
5170;universe;8
5171;university;10
5172;unknown;7
5173;unless;6
5174;unlike;6
5175;unlikely;8
5176;unlimited;9
5177;unload;6
5178;unlock;6
5179;unmistakable;12
5180;unnecessary;11
5181;unopened;8
5182;unprecedented;13
5183;unpredictable;13
5184;unrestricted;12
5185;unsafe;6
5186;unstable;8
5187;until;5
5188;untrained;9
5189;untrue;6
5190;unusable;8
5191;unused;6
5192;unusual;7
5193;unusually;9
5194;unwilling;9
5195;unwillingness;13
5196;unworn;6
5197;up;2
5198;upcoming;8
5199;update;6
5200;upgrade;7
5201;uphold;6
5202;upon;4
5203;upper;5
5204;upset;5
5205;upstairs;8
5206;upswing;7
5207;upward;6
5208;urban;5
5209;urge;4
5210;urgency;7
5211;urgent;6
5212;urgently;8
5213;us;2
5214;USA;3
5215;usable;6
5216;usage;5
5217;use;3
5218;used;4
5219;useful;6
5220;usefully;8
5221;user;4
5222;usher;5
5223;usual;5
5224;usually;7
5225;utensil;7
5226;utility;7
5227;utilize;7
5228;Utrecht;7
5229;utter;5
5230;utterly;7
5231;vacancy;7
5232;vacant;6
5233;vacate;6
5234;vacation;8
5235;vaccine;7
5236;vacuum;6
5237;vaguely;7
5238;valhalla;8
5239;valid;5
5240;validate;8
5241;validity;8
5242;valley;6
5243;valuable;8
5244;valuably;8
5245;value;5
5246;valued;6
5247;van;3
5248;vancouver;9
5249;variable;8
5250;variably;8
5251;variation;9
5252;varied;6
5253;variety;7
5254;various;7
5255;vary;4
5256;vault;5
5257;vegetable;9
5258;vehicle;7
5259;vend;4
5260;vendor;6
5261;vent;4
5262;ventilation;11
5263;venture;7
5264;venue;5
5265;verbalize;9
5266;veridical;9
5267;verification;12
5268;verifier;8
5269;verify;6
5270;veritable;9
5271;vernon;6
5272;versatile;9
5273;versatility;11
5274;version;7
5275;very;4
5276;veteran;7
5277;veterinary;10
5278;via;3
5279;viable;6
5280;vice;4
5281;video;5
5282;videotape;9
5283;view;4
5284;viewer;6
5285;viewing;7
5286;vigilant;8
5287;vigorous;8
5288;village;7
5289;violate;7
5290;violation;9
5291;violin;6
5292;violinist;9
5293;virion;6
5294;virtual;7
5295;virtually;9
5296;virus;5
5297;visibility;10
5298;visible;7
5299;visibly;7
5300;visionary;9
5301;visit;5
5302;visitation;10
5303;visiting;8
5304;visitor;7
5305;visual;6
5306;vita;4
5307;vital;5
5308;vitality;8
5309;vitalize;8
5310;vitally;7
5311;vitamin;7
5312;vocally;7
5313;voiced;6
5314;void;4
5315;volatility;10
5316;volumed;7
5317;voluntarily;11
5318;volunteerism;12
5319;vote;4
5320;voter;5
5321;voucher;7
5322;vulnerable;10
5323;wage;4
5324;Wagner;6
5325;wahine;6
5326;wait;4
5327;waiting;7
5328;waive;5
5329;Waldenses;9
5330;walker;6
5331;walking;7
5332;wall;4
5333;Walter;6
5334;Walton;6
5335;wanderer;8
5336;want;4
5337;wanted;6
5338;wanting;7
5339;warehouse;9
5340;warm;4
5341;warmer;6
5342;warming;7
5343;warmly;6
5344;warn;4
5345;warning;7
5346;warranty;8
5347;was;3
5348;wash;4
5349;washing;7
5350;waste;5
5351;watch;5
5352;watchful;8
5353;watchfully;10
5354;water;5
5355;Wave;4
5356;way;3
5357;we;2
5358;wealthy;7
5359;wear;4
5360;wearing;7
5361;weather;7
5362;web;3
5363;Weber;5
5364;wedding;7
5365;Wednesday;9
5366;week;4
5367;weekday;7
5368;weekend;7
5369;weekends;8
5370;weekly;6
5371;weigh;5
5372;weight;6
5373;welcome;7
5374;well;4
5375;wellbeing;9
5376;wellspring;10
5377;went;4
5378;were;4
5379;wert;4
5380;west;4
5381;western;7
5382;whack;5
5383;whatever;8
5384;wheel;5
5385;when;4
5386;whenever;8
5387;where;5
5388;whereas;7
5389;whether;7
5390;which;5
5391;whichever;9
5392;while;5
5393;white;5
5394;who;3
5395;whoever;7
5396;whole;5
5397;wholly;6
5398;whom;4
5399;whomever;8
5400;whose;5
5401;why;3
5402;wide;4
5403;widely;6
5404;widen;5
5405;wideset;7
5406;widespread;10
5407;wife;4
5408;wildness;8
5409;will;4
5410;William;7
5411;Williams;8
5412;willing;7
5413;willingly;9
5414;Wilson;6
5415;Wilton;6
5416;win;3
5417;wind;4
5418;window;6
5419;Windsor;7
5420;windward;8
5421;wing;4
5422;winner;6
5423;winning;7
5424;winter;6
5425;wireless;8
5426;wiring;6
5427;wise;4
5428;wish;4
5429;with;4
5430;withdraw;8
5431;withdrawal;10
5432;withheld;8
5433;withhold;8
5434;within;6
5435;without;7
5436;witness;7
5437;wolf;4
5438;woman;5
5439;won;3
5440;wonderful;9
5441;woo;3
5442;wood;4
5443;Worcestershire;14
5444;word;4
5445;wore;4
5446;work;4
5447;workbook;8
5448;workday;7
5449;worke;5
5450;worker;6
5451;working;7
5452;workshop;8
5453;workstation;11
5454;workweek;8
5455;world;5
5456;worldwide;9
5457;worn;4
5458;worried;7
5459;worrier;7
5460;worrying;8
5461;worsen;6
5462;worth;5
5463;worthiness;10
5464;worthwhile;10
5465;worthy;6
5466;would;5
5467;wrap;4
5468;wright;6
5469;write;5
5470;writer;6
5471;writing;7
5472;written;7
5473;wrong;5
5474;wrongly;7
5475;wrote;5
5476;xu;2
5477;Yale;4
5478;yang;4
5479;year;4
5480;yearly;6
5481;yellow;6
5482;yesterday;9
5483;yet;3
5484;yoohoo;6
5485;York;4
5486;you;3
5487;young;5
5488;younger;7
5489;your;4
5490;yours;5
5491;yourself;8
5492;yourselves;10
5493;youth;5
5494;yule;4
5495;Zealand;7
5496;zone;4
5497;zoning;6
